,serial,id,bang,2019,20191,20192,20193,20194,20195,20196,20197,20198,20199,201910,201911,201912,2020,20201,20202,20203
0,0,কুমিল্লা,দেবিদ্বার,23.0,0.0,0.0,0.0,0.0,0.0,0.0,1.0,22.0,0.0,0.0,0.0,0.0,0.0,0.0,0.0,0.0
1,1,কুমিল্লা,বরুড়া,2.0,0.0,0.0,0.0,0.0,0.0,0.0,1.0,1.0,0.0,0.0,0.0,0.0,0.0,0.0,0.0,0.0
2,2,কুমিল্লা,ব্রাহ্মণপাড়া,7.0,0.0,0.0,0.0,0.0,0.0,0.0,0.0,7.0,0.0,0.0,0.0,0.0,0.0,0.0,0.0,0.0
3,3,কুমিল্লা,চান্দিনা,25.0,0.0,0.0,0.0,0.0,0.0,0.0,0.0,24.0,1.0,0.0,0.0,0.0,0.0,0.0,0.0,0.0
4,4,কুমিল্লা,চৌদ্দগ্রাম,16.0,0.0,0.0,0.0,0.0,0.0,0.0,0.0,14.0,0.0,0.0,0.0,2.0,0.0,0.0,0.0,0.0
5,5,কুমিল্লা,দাউদকান্দি,32.0,0.0,0.0,0.0,0.0,0.0,1.0,1.0,22.0,4.0,0.0,4.0,0.0,0.0,0.0,0.0,0.0
6,6,কুমিল্লা,হোমনা,25.0,0.0,0.0,0.0,0.0,0.0,0.0,1.0,22.0,2.0,0.0,0.0,0.0,0.0,0.0,0.0,0.0
7,7,কুমিল্লা,লাকসাম,39.0,0.0,0.0,0.0,0.0,0.0,0.0,0.0,34.0,3.0,2.0,0.0,0.0,0.0,0.0,0.0,0.0
8,8,কুমিল্লা,মুরাদনগর,46.0,0.0,0.0,0.0,0.0,0.0,0.0,0.0,33.0,13.0,0.0,0.0,0.0,0.0,0.0,0.0,0.0
9,9,কুমিল্লা,নাঙ্গলকোট,8.0,0.0,0.0,0.0,0.0,0.0,0.0,1.0,7.0,0.0,0.0,0.0,0.0,0.0,0.0,0.0,0.0
10,10,কুমিল্লা,কুমিল্লা সদর,91.0,0.0,0.0,0.0,0.0,0.0,0.0,8.0,76.0,3.0,1.0,3.0,0.0,1.0,0.0,1.0,0.0
11,11,কুমিল্লা,মেঘনা,40.0,0.0,0.0,0.0,0.0,0.0,1.0,0.0,18.0,4.0,15.0,2.0,0.0,0.0,0.0,0.0,0.0
12,12,কুমিল্লা,মনোহরগঞ্জ,10.0,0.0,0.0,0.0,0.0,0.0,0.0,1.0,7.0,2.0,0.0,0.0,0.0,0.0,0.0,0.0,0.0
13,13,কুমিল্লা,সদর দক্ষিণ,201.0,1.0,0.0,0.0,5.0,0.0,0.0,5.0,137.0,46.0,5.0,2.0,0.0,1.0,0.0,1.0,0.0
14,14,কুমিল্লা,তিতাস,45.0,0.0,1.0,0.0,0.0,0.0,0.0,2.0,34.0,7.0,0.0,1.0,0.0,1.0,1.0,0.0,0.0
15,15,কুমিল্লা,বুড়িচং,5.0,0.0,0.0,0.0,0.0,0.0,0.0,0.0,5.0,0.0,0.0,0.0,0.0,0.0,0.0,0.0,0.0
16,16,কুমিল্লা,লালমাই,5.0,0.0,0.0,0.0,0.0,0.0,0.0,1.0,4.0,0.0,0.0,0.0,0.0,0.0,0.0,0.0,0.0
17,17,ফেনী,ছাগলনাইয়া,4.0,0.0,0.0,0.0,0.0,0.0,0.0,0.0,4.0,0.0,0.0,0.0,0.0,0.0,0.0,0.0,0.0
18,18,ফেনী,ফেনী সদর,27.0,0.0,0.0,0.0,0.0,0.0,0.0,4.0,20.0,3.0,0.0,0.0,0.0,0.0,0.0,0.0,0.0
19,19,ফেনী,সোনাগাজী,15.0,0.0,0.0,0.0,0.0,0.0,0.0,0.0,7.0,4.0,0.0,0.0,4.0,0.0,0.0,0.0,0.0
20,20,ফেনী,ফুলগাজী,1.0,0.0,0.0,0.0,0.0,0.0,0.0,0.0,1.0,0.0,0.0,0.0,0.0,0.0,0.0,0.0,0.0
21,21,ফেনী,পরশুরাম,5.0,0.0,0.0,0.0,0.0,0.0,0.0,0.0,2.0,3.0,0.0,0.0,0.0,0.0,0.0,0.0,0.0
22,22,ফেনী,দাগনভূঞা,3.0,0.0,0.0,0.0,0.0,0.0,0.0,0.0,1.0,0.0,2.0,0.0,0.0,0.0,0.0,0.0,0.0
23,23,ব্রাহ্মণবাড়িয়া,ব্রাহ্মণবাড়িয়া সদর,61.0,0.0,0.0,0.0,0.0,0.0,0.0,5.0,51.0,5.0,0.0,0.0,0.0,0.0,0.0,0.0,0.0
24,24,ব্রাহ্মণবাড়িয়া,কসবা,20.0,0.0,0.0,0.0,0.0,0.0,0.0,1.0,14.0,0.0,0.0,1.0,4.0,0.0,0.0,0.0,0.0
25,25,ব্রাহ্মণবাড়িয়া,নাসিরনগর,40.0,1.0,0.0,0.0,0.0,0.0,0.0,2.0,25.0,9.0,0.0,3.0,0.0,0.0,0.0,0.0,0.0
26,26,ব্রাহ্মণবাড়িয়া,সরাইল,15.0,0.0,0.0,0.0,0.0,0.0,0.0,0.0,10.0,5.0,0.0,0.0,0.0,0.0,0.0,0.0,0.0
27,27,ব্রাহ্মণবাড়িয়া,আশুগঞ্জ,44.0,0.0,0.0,0.0,0.0,0.0,0.0,0.0,3.0,41.0,0.0,0.0,0.0,0.0,0.0,0.0,0.0
28,28,ব্রাহ্মণবাড়িয়া,আখাউড়া,15.0,0.0,0.0,0.0,0.0,0.0,0.0,0.0,15.0,0.0,0.0,0.0,0.0,0.0,0.0,0.0,0.0
29,29,ব্রাহ্মণবাড়িয়া,নবীনগর,10.0,0.0,0.0,0.0,0.0,0.0,0.0,0.0,5.0,3.0,2.0,0.0,0.0,0.0,0.0,0.0,0.0
30,30,ব্রাহ্মণবাড়িয়া,বাঞ্ছারামপুর,2.0,0.0,0.0,0.0,0.0,0.0,0.0,0.0,2.0,0.0,0.0,0.0,0.0,0.0,0.0,0.0,0.0
31,31,ব্রাহ্মণবাড়িয়া,বিজয়নগর,7.0,0.0,0.0,0.0,0.0,0.0,0.0,1.0,5.0,0.0,1.0,0.0,0.0,0.0,0.0,0.0,0.0
32,32,রাঙ্গামাটি,রাঙ্গামাটি সদর,12.0,0.0,0.0,0.0,0.0,0.0,0.0,3.0,9.0,0.0,0.0,0.0,0.0,0.0,0.0,0.0,0.0
33,33,রাঙ্গামাটি,কাপ্তাই,29.0,0.0,0.0,0.0,0.0,0.0,0.0,0.0,27.0,1.0,0.0,0.0,1.0,0.0,0.0,0.0,0.0
34,34,রাঙ্গামাটি,কাউখালী,24.0,0.0,0.0,0.0,0.0,0.0,0.0,4.0,16.0,2.0,0.0,2.0,0.0,0.0,0.0,0.0,0.0
35,35,রাঙ্গামাটি,বাঘাইছড়ি,3.0,0.0,0.0,0.0,0.0,0.0,0.0,0.0,3.0,0.0,0.0,0.0,0.0,0.0,0.0,0.0,0.0
36,36,রাঙ্গামাটি,বরকল,3.0,0.0,0.0,0.0,0.0,0.0,0.0,0.0,3.0,0.0,0.0,0.0,0.0,0.0,0.0,0.0,0.0
37,37,রাঙ্গামাটি,লংগদু,5.0,0.0,0.0,0.0,0.0,0.0,0.0,0.0,5.0,0.0,0.0,0.0,0.0,0.0,0.0,0.0,0.0
38,38,রাঙ্গামাটি,রাজস্থলী,1.0,0.0,0.0,0.0,0.0,0.0,0.0,0.0,1.0,0.0,0.0,0.0,0.0,0.0,0.0,0.0,0.0
39,39,রাঙ্গামাটি,বিলাইছড়ি,3.0,0.0,0.0,0.0,0.0,0.0,0.0,0.0,3.0,0.0,0.0,0.0,0.0,0.0,0.0,0.0,0.0
40,40,রাঙ্গামাটি,জুরাছড়ি,1.0,0.0,0.0,0.0,0.0,0.0,0.0,0.0,1.0,0.0,0.0,0.0,0.0,0.0,0.0,0.0,0.0
41,41,রাঙ্গামাটি,নানিয়ারচর,3.0,0.0,0.0,0.0,0.0,0.0,0.0,2.0,1.0,0.0,0.0,0.0,0.0,0.0,0.0,0.0,0.0
42,42,নোয়াখালী,নোয়াখালী সদর,66.0,0.0,0.0,0.0,0.0,0.0,0.0,1.0,60.0,2.0,3.0,0.0,0.0,0.0,0.0,0.0,0.0
43,43,নোয়াখালী,কোম্পানীগঞ্জ,38.0,0.0,0.0,0.0,0.0,0.0,0.0,0.0,31.0,7.0,0.0,0.0,0.0,0.0,0.0,0.0,0.0
44,44,নোয়াখালী,বেগমগঞ্জ,34.0,0.0,0.0,0.0,0.0,0.0,0.0,0.0,32.0,0.0,2.0,0.0,0.0,0.0,0.0,0.0,0.0
45,45,নোয়াখালী,হাতিয়া,7.0,0.0,0.0,0.0,0.0,0.0,0.0,1.0,6.0,0.0,0.0,0.0,0.0,0.0,0.0,0.0,0.0
46,46,নোয়াখালী,সুবর্ণচর,16.0,0.0,0.0,0.0,0.0,0.0,0.0,0.0,15.0,1.0,0.0,0.0,0.0,0.0,0.0,0.0,0.0
47,47,নোয়াখালী,কবিরহাট,1.0,0.0,0.0,0.0,0.0,0.0,0.0,0.0,1.0,0.0,0.0,0.0,0.0,0.0,0.0,0.0,0.0
48,48,নোয়াখালী,সেনবাগ,10.0,0.0,0.0,0.0,0.0,0.0,0.0,0.0,9.0,1.0,0.0,0.0,0.0,0.0,0.0,0.0,0.0
49,49,নোয়াখালী,চাটখিল,3.0,0.0,0.0,0.0,0.0,0.0,0.0,0.0,1.0,2.0,0.0,0.0,0.0,0.0,0.0,0.0,0.0
50,50,নোয়াখালী,সোনাইমুড়ী,0.0,0.0,0.0,0.0,0.0,0.0,0.0,0.0,0.0,0.0,0.0,0.0,0.0,0.0,0.0,0.0,0.0
51,51,চাঁদপুর,হাইমচর,14.0,0.0,0.0,1.0,0.0,0.0,0.0,0.0,10.0,3.0,0.0,0.0,0.0,0.0,0.0,0.0,0.0
52,52,চাঁদপুর,কচুয়া,33.0,0.0,0.0,0.0,0.0,0.0,0.0,2.0,18.0,1.0,2.0,9.0,1.0,0.0,0.0,0.0,0.0
53,53,চাঁদপুর,শাহরাস্তি	,29.0,0.0,0.0,0.0,0.0,0.0,0.0,0.0,26.0,3.0,0.0,0.0,0.0,0.0,0.0,0.0,0.0
54,54,চাঁদপুর,চাঁদপুর সদর,179.0,0.0,2.0,2.0,0.0,1.0,0.0,11.0,135.0,17.0,11.0,0.0,0.0,0.0,0.0,0.0,0.0
55,55,চাঁদপুর,মতলব দক্ষিণ,45.0,0.0,0.0,0.0,1.0,0.0,0.0,0.0,37.0,5.0,1.0,1.0,0.0,0.0,0.0,0.0,0.0
56,56,চাঁদপুর,হাজীগঞ্জ,74.0,1.0,0.0,0.0,0.0,0.0,0.0,1.0,60.0,4.0,2.0,6.0,0.0,0.0,0.0,0.0,0.0
57,57,চাঁদপুর,মতলব উত্তর,46.0,0.0,0.0,0.0,0.0,0.0,0.0,0.0,40.0,5.0,0.0,1.0,0.0,0.0,0.0,0.0,0.0
58,58,চাঁদপুর,ফরিদগঞ্জ,21.0,0.0,0.0,0.0,0.0,0.0,1.0,0.0,18.0,0.0,1.0,1.0,0.0,0.0,0.0,0.0,0.0
59,59,লক্ষ্মীপুর,লক্ষ্মীপুর সদর,64.0,0.0,0.0,0.0,0.0,0.0,0.0,8.0,43.0,4.0,6.0,3.0,0.0,0.0,0.0,0.0,0.0
60,60,লক্ষ্মীপুর,কমলনগর,17.0,0.0,0.0,0.0,0.0,0.0,0.0,0.0,17.0,0.0,0.0,0.0,0.0,0.0,0.0,0.0,0.0
61,61,লক্ষ্মীপুর,রায়পুর,19.0,0.0,0.0,0.0,0.0,0.0,0.0,1.0,13.0,1.0,1.0,3.0,0.0,0.0,0.0,0.0,0.0
62,62,লক্ষ্মীপুর,রামগতি,5.0,0.0,0.0,0.0,0.0,0.0,0.0,0.0,3.0,1.0,0.0,1.0,0.0,0.0,0.0,0.0,0.0
63,63,লক্ষ্মীপুর,রামগঞ্জ,16.0,0.0,0.0,0.0,0.0,0.0,0.0,1.0,15.0,0.0,0.0,0.0,0.0,0.0,0.0,0.0,0.0
64,64,চট্টগ্রাম,রাঙ্গুনিয়া,29.0,0.0,0.0,0.0,0.0,0.0,0.0,0.0,27.0,1.0,0.0,1.0,0.0,0.0,0.0,0.0,0.0
65,65,চট্টগ্রাম,সীতাকুন্ড,4.0,0.0,0.0,0.0,0.0,0.0,0.0,0.0,1.0,2.0,1.0,0.0,0.0,0.0,0.0,0.0,0.0
66,66,চট্টগ্রাম,মীরসরাই,0.0,0.0,0.0,0.0,0.0,0.0,0.0,0.0,0.0,0.0,0.0,0.0,0.0,0.0,0.0,0.0,0.0
67,67,চট্টগ্রাম,পটিয়া,21.0,0.0,0.0,0.0,0.0,0.0,0.0,0.0,15.0,5.0,1.0,0.0,0.0,0.0,0.0,0.0,0.0
68,68,চট্টগ্রাম,সন্দ্বীপ,5.0,0.0,0.0,0.0,0.0,0.0,0.0,0.0,1.0,3.0,1.0,0.0,0.0,0.0,0.0,0.0,0.0
69,69,চট্টগ্রাম,বাঁশখালী,19.0,0.0,0.0,0.0,0.0,0.0,0.0,0.0,13.0,4.0,0.0,2.0,0.0,0.0,0.0,0.0,0.0
70,70,চট্টগ্রাম,বোয়ালখালী,28.0,0.0,1.0,0.0,0.0,0.0,0.0,1.0,20.0,6.0,0.0,0.0,0.0,0.0,0.0,0.0,0.0
71,71,চট্টগ্রাম,আনোয়ারা,80.0,0.0,0.0,0.0,0.0,0.0,0.0,0.0,44.0,35.0,1.0,0.0,0.0,1.0,0.0,1.0,0.0
72,72,চট্টগ্রাম,চন্দনাইশ,40.0,0.0,0.0,0.0,0.0,0.0,0.0,0.0,15.0,23.0,1.0,1.0,0.0,0.0,0.0,0.0,0.0
73,73,চট্টগ্রাম,সাতকানিয়া,25.0,0.0,0.0,0.0,0.0,0.0,0.0,1.0,17.0,2.0,0.0,4.0,1.0,0.0,0.0,0.0,0.0
74,74,চট্টগ্রাম,লোহাগাড়া,26.0,0.0,0.0,0.0,0.0,0.0,0.0,2.0,21.0,3.0,0.0,0.0,0.0,0.0,0.0,0.0,0.0
75,75,চট্টগ্রাম,হাটহাজারী,26.0,1.0,0.0,0.0,0.0,0.0,0.0,0.0,22.0,2.0,1.0,0.0,0.0,3.0,0.0,0.0,3.0
76,76,চট্টগ্রাম,ফটিকছড়ি,14.0,1.0,0.0,0.0,0.0,0.0,0.0,0.0,11.0,2.0,0.0,0.0,0.0,0.0,0.0,0.0,0.0
77,77,চট্টগ্রাম,রাউজান,18.0,0.0,0.0,0.0,0.0,0.0,0.0,0.0,16.0,2.0,0.0,0.0,0.0,0.0,0.0,0.0,0.0
78,78,চট্টগ্রাম,কর্ণফুলী,37.0,0.0,0.0,0.0,0.0,0.0,0.0,1.0,24.0,5.0,1.0,4.0,2.0,1.0,1.0,0.0,0.0
79,79,কক্সবাজার,কক্সবাজার সদর,57.0,0.0,0.0,0.0,0.0,0.0,0.0,7.0,38.0,11.0,0.0,1.0,0.0,0.0,0.0,0.0,0.0
80,80,কক্সবাজার,চকরিয়া,48.0,0.0,2.0,1.0,0.0,1.0,0.0,0.0,37.0,6.0,0.0,0.0,1.0,0.0,0.0,0.0,0.0
81,81,কক্সবাজার,কুতুবদিয়া,3.0,0.0,0.0,0.0,0.0,0.0,0.0,0.0,3.0,0.0,0.0,0.0,0.0,0.0,0.0,0.0,0.0
82,82,কক্সবাজার,উখিয়া,30.0,0.0,0.0,0.0,0.0,0.0,0.0,0.0,23.0,6.0,1.0,0.0,0.0,0.0,0.0,0.0,0.0
83,83,কক্সবাজার,মহেশখালী,21.0,0.0,0.0,0.0,0.0,0.0,0.0,0.0,16.0,5.0,0.0,0.0,0.0,0.0,0.0,0.0,0.0
84,84,কক্সবাজার,পেকুয়া,8.0,0.0,0.0,0.0,0.0,0.0,0.0,0.0,8.0,0.0,0.0,0.0,0.0,0.0,0.0,0.0,0.0
85,85,কক্সবাজার,রামু,29.0,0.0,0.0,0.0,0.0,0.0,0.0,1.0,11.0,10.0,1.0,5.0,1.0,0.0,0.0,0.0,0.0
86,86,কক্সবাজার,টেকনাফ,67.0,0.0,0.0,0.0,0.0,0.0,0.0,1.0,45.0,15.0,1.0,5.0,0.0,0.0,0.0,0.0,0.0
87,87,খাগড়াছড়ি,খাগড়াছড়ি সদর,47.0,0.0,0.0,0.0,0.0,0.0,0.0,6.0,35.0,6.0,0.0,0.0,0.0,0.0,0.0,0.0,0.0
88,88,খাগড়াছড়ি,দিঘীনালা,0.0,0.0,0.0,0.0,0.0,0.0,0.0,0.0,0.0,0.0,0.0,0.0,0.0,0.0,0.0,0.0,0.0
89,89,খাগড়াছড়ি,পানছড়ি,4.0,0.0,0.0,0.0,0.0,0.0,0.0,0.0,2.0,2.0,0.0,0.0,0.0,0.0,0.0,0.0,0.0
90,90,খাগড়াছড়ি,লক্ষীছড়ি,0.0,0.0,0.0,0.0,0.0,0.0,0.0,0.0,0.0,0.0,0.0,0.0,0.0,0.0,0.0,0.0,0.0
91,91,খাগড়াছড়ি,মহালছড়ি,4.0,0.0,0.0,0.0,0.0,0.0,0.0,0.0,3.0,1.0,0.0,0.0,0.0,0.0,0.0,0.0,0.0
92,92,খাগড়াছড়ি,মানিকছড়ি,3.0,0.0,0.0,0.0,0.0,0.0,0.0,0.0,2.0,1.0,0.0,0.0,0.0,0.0,0.0,0.0,0.0
93,93,খাগড়াছড়ি,রামগড়,5.0,0.0,0.0,0.0,0.0,0.0,0.0,0.0,3.0,2.0,0.0,0.0,0.0,0.0,0.0,0.0,0.0
94,94,খাগড়াছড়ি,মাটিরাঙ্গা,5.0,0.0,0.0,0.0,0.0,0.0,0.0,0.0,5.0,0.0,0.0,0.0,0.0,0.0,0.0,0.0,0.0
95,95,খাগড়াছড়ি,গুইমারা,3.0,0.0,0.0,0.0,0.0,0.0,0.0,0.0,3.0,0.0,0.0,0.0,0.0,0.0,0.0,0.0,0.0
96,96,বান্দরবান,বান্দরবান সদর,50.0,1.0,0.0,0.0,0.0,0.0,0.0,2.0,22.0,23.0,0.0,0.0,2.0,0.0,0.0,0.0,0.0
97,97,বান্দরবান,আলীকদম,5.0,0.0,0.0,0.0,0.0,0.0,0.0,0.0,1.0,0.0,0.0,4.0,0.0,0.0,0.0,0.0,0.0
98,98,বান্দরবান,নাইক্ষ্যংছড়ি,3.0,0.0,0.0,0.0,0.0,0.0,0.0,1.0,2.0,0.0,0.0,0.0,0.0,0.0,0.0,0.0,0.0
99,99,বান্দরবান,রোয়াংছড়ি,2.0,0.0,0.0,0.0,0.0,0.0,0.0,0.0,1.0,1.0,0.0,0.0,0.0,0.0,0.0,0.0,0.0
100,100,বান্দরবান,লামা,24.0,0.0,0.0,0.0,0.0,0.0,1.0,0.0,13.0,7.0,0.0,3.0,0.0,0.0,0.0,0.0,0.0
101,101,বান্দরবান,রুমা,92.0,0.0,0.0,0.0,0.0,0.0,0.0,2.0,29.0,52.0,9.0,0.0,0.0,0.0,0.0,0.0,0.0
102,102,বান্দরবান,থানচি,0.0,0.0,0.0,0.0,0.0,0.0,0.0,0.0,0.0,0.0,0.0,0.0,0.0,0.0,0.0,0.0,0.0
103,103,সিরাজগঞ্জ,বেলকুচি,10.0,0.0,0.0,0.0,0.0,0.0,0.0,0.0,9.0,0.0,1.0,0.0,0.0,0.0,0.0,0.0,0.0
104,104,সিরাজগঞ্জ,চৌহালি,1.0,1.0,0.0,0.0,0.0,0.0,0.0,0.0,0.0,0.0,0.0,0.0,0.0,0.0,0.0,0.0,0.0
105,105,সিরাজগঞ্জ,কামারখন্দ,59.0,0.0,0.0,0.0,0.0,0.0,0.0,0.0,44.0,15.0,0.0,0.0,0.0,0.0,0.0,0.0,0.0
106,106,সিরাজগঞ্জ,কাজীপুর,12.0,0.0,0.0,0.0,0.0,0.0,0.0,0.0,11.0,1.0,0.0,0.0,0.0,0.0,0.0,0.0,0.0
107,107,সিরাজগঞ্জ,রায়গঞ্জ,14.0,0.0,0.0,0.0,0.0,0.0,0.0,1.0,11.0,1.0,0.0,1.0,0.0,0.0,0.0,0.0,0.0
108,108,সিরাজগঞ্জ,শাহজাদপুর,30.0,0.0,0.0,0.0,0.0,0.0,0.0,0.0,30.0,0.0,0.0,0.0,0.0,0.0,0.0,0.0,0.0
109,109,সিরাজগঞ্জ,সিরাজগঞ্জ সদর,110.0,0.0,0.0,0.0,0.0,0.0,0.0,5.0,85.0,18.0,2.0,0.0,0.0,0.0,0.0,0.0,0.0
110,110,সিরাজগঞ্জ,তাড়াশ,8.0,0.0,0.0,0.0,0.0,0.0,0.0,0.0,4.0,4.0,0.0,0.0,0.0,0.0,0.0,0.0,0.0
111,111,সিরাজগঞ্জ,উল্লাপাড়া,14.0,0.0,0.0,0.0,0.0,0.0,0.0,0.0,10.0,0.0,2.0,0.0,2.0,0.0,0.0,0.0,0.0
112,112,পাবনা,সুজানগর,14.0,1.0,0.0,0.0,0.0,0.0,0.0,0.0,5.0,5.0,3.0,0.0,0.0,0.0,0.0,0.0,0.0
113,113,পাবনা,ঈশ্বরদী,34.0,0.0,0.0,0.0,0.0,0.0,0.0,1.0,24.0,5.0,4.0,0.0,0.0,0.0,0.0,0.0,0.0
114,114,পাবনা,ভাঙ্গুড়া,26.0,0.0,0.0,0.0,0.0,0.0,0.0,0.0,9.0,17.0,0.0,0.0,0.0,0.0,0.0,0.0,0.0
115,115,পাবনা,পাবনা সদর,104.0,0.0,0.0,0.0,0.0,0.0,0.0,7.0,83.0,13.0,1.0,0.0,0.0,0.0,0.0,0.0,0.0
116,116,পাবনা,বেড়া,97.0,1.0,4.0,1.0,0.0,2.0,1.0,2.0,65.0,13.0,5.0,3.0,0.0,0.0,0.0,0.0,0.0
117,117,পাবনা,আটঘরিয়া,8.0,0.0,0.0,0.0,0.0,0.0,0.0,0.0,7.0,0.0,1.0,0.0,0.0,0.0,0.0,0.0,0.0
118,118,পাবনা,চাটমোহর,30.0,0.0,0.0,0.0,0.0,0.0,0.0,2.0,22.0,5.0,1.0,0.0,0.0,0.0,0.0,0.0,0.0
119,119,পাবনা,সাঁথিয়া,50.0,0.0,0.0,0.0,0.0,0.0,0.0,0.0,33.0,17.0,0.0,0.0,0.0,0.0,0.0,0.0,0.0
120,120,পাবনা,ফরিদপুর,971.0,1.0,0.0,0.0,0.0,0.0,1.0,21.0,720.0,171.0,43.0,11.0,3.0,1.0,1.0,0.0,0.0
121,121,বগুড়া,কাহালু,16.0,0.0,0.0,0.0,0.0,0.0,0.0,0.0,6.0,4.0,3.0,1.0,2.0,0.0,0.0,0.0,0.0
122,122,বগুড়া,বগুড়া সদর,83.0,0.0,0.0,0.0,0.0,0.0,0.0,9.0,59.0,12.0,3.0,0.0,0.0,0.0,0.0,0.0,0.0
123,123,বগুড়া,সারিয়াকান্দি,8.0,0.0,0.0,0.0,0.0,0.0,0.0,0.0,6.0,2.0,0.0,0.0,0.0,0.0,0.0,0.0,0.0
124,124,বগুড়া,শাজাহানপুর,19.0,0.0,0.0,0.0,0.0,0.0,0.0,0.0,16.0,1.0,0.0,2.0,0.0,2.0,0.0,2.0,0.0
125,125,বগুড়া,দুপচাচিঁয়া,0.0,0.0,0.0,0.0,0.0,0.0,0.0,0.0,0.0,0.0,0.0,0.0,0.0,0.0,0.0,0.0,0.0
126,126,বগুড়া,আদমদিঘি,4.0,0.0,0.0,0.0,0.0,0.0,0.0,0.0,4.0,0.0,0.0,0.0,0.0,0.0,0.0,0.0,0.0
127,127,বগুড়া,নন্দিগ্রাম,12.0,0.0,0.0,0.0,0.0,0.0,0.0,1.0,9.0,1.0,0.0,0.0,1.0,1.0,0.0,0.0,1.0
128,128,বগুড়া,সোনাতলা,18.0,0.0,0.0,0.0,0.0,0.0,0.0,1.0,16.0,1.0,0.0,0.0,0.0,0.0,0.0,0.0,0.0
129,129,বগুড়া,ধুনট,19.0,0.0,0.0,0.0,0.0,0.0,0.0,0.0,17.0,1.0,0.0,1.0,0.0,0.0,0.0,0.0,0.0
130,130,বগুড়া,গাবতলী,259.0,2.0,1.0,0.0,0.0,0.0,2.0,1.0,209.0,33.0,4.0,1.0,6.0,0.0,0.0,0.0,0.0
131,131,বগুড়া,শেরপুর,179.0,0.0,0.0,0.0,0.0,0.0,0.0,10.0,138.0,25.0,2.0,3.0,1.0,1.0,1.0,0.0,0.0
132,132,বগুড়া,শিবগঞ্জ,27.0,0.0,0.0,0.0,0.0,0.0,0.0,0.0,21.0,3.0,3.0,0.0,0.0,0.0,0.0,0.0,0.0
133,133,রাজশাহী,পবা,35.0,0.0,0.0,0.0,0.0,0.0,0.0,0.0,7.0,23.0,2.0,0.0,3.0,1.0,0.0,1.0,0.0
134,134,রাজশাহী,দুর্গাপুর,63.0,0.0,0.0,0.0,0.0,0.0,0.0,0.0,54.0,4.0,4.0,1.0,0.0,0.0,0.0,0.0,0.0
135,135,রাজশাহী,মোহনপুর,8.0,0.0,0.0,0.0,0.0,0.0,0.0,2.0,6.0,0.0,0.0,0.0,0.0,0.0,0.0,0.0,0.0
136,136,রাজশাহী,চারঘাট,10.0,0.0,0.0,0.0,0.0,0.0,0.0,1.0,2.0,5.0,2.0,0.0,0.0,0.0,0.0,0.0,0.0
137,137,রাজশাহী,পুঠিয়া,37.0,0.0,0.0,0.0,0.0,0.0,0.0,0.0,6.0,31.0,0.0,0.0,0.0,0.0,0.0,0.0,0.0
138,138,রাজশাহী,বাঘা,27.0,0.0,0.0,0.0,0.0,0.0,0.0,2.0,12.0,7.0,2.0,1.0,3.0,0.0,0.0,0.0,0.0
139,139,রাজশাহী,গোদাগাড়ী,10.0,0.0,0.0,0.0,0.0,0.0,0.0,0.0,4.0,4.0,2.0,0.0,0.0,0.0,0.0,0.0,0.0
140,140,রাজশাহী,তানোর,7.0,0.0,0.0,0.0,0.0,0.0,0.0,1.0,5.0,0.0,1.0,0.0,0.0,0.0,0.0,0.0,0.0
141,141,রাজশাহী,বাগমারা,15.0,0.0,2.0,1.0,0.0,0.0,0.0,0.0,11.0,0.0,0.0,0.0,1.0,0.0,0.0,0.0,0.0
142,142,নাটোর,নাটোর সদর,45.0,0.0,0.0,0.0,0.0,0.0,0.0,3.0,40.0,2.0,0.0,0.0,0.0,0.0,0.0,0.0,0.0
143,143,নাটোর,সিংড়া,8.0,0.0,0.0,0.0,0.0,0.0,0.0,2.0,6.0,0.0,0.0,0.0,0.0,0.0,0.0,0.0,0.0
144,144,নাটোর,বড়াইগ্রাম,32.0,0.0,0.0,0.0,0.0,0.0,0.0,2.0,25.0,5.0,0.0,0.0,0.0,0.0,0.0,0.0,0.0
145,145,নাটোর,বাগাতিপাড়া,3.0,0.0,0.0,0.0,0.0,0.0,0.0,2.0,1.0,0.0,0.0,0.0,0.0,0.0,0.0,0.0,0.0
146,146,নাটোর,লালপুর,6.0,0.0,0.0,0.0,0.0,0.0,0.0,3.0,2.0,0.0,1.0,0.0,0.0,0.0,0.0,0.0,0.0
147,147,নাটোর,গুরুদাসপুর,14.0,0.0,0.0,0.0,0.0,0.0,0.0,2.0,6.0,5.0,0.0,1.0,0.0,2.0,0.0,2.0,0.0
148,148,নাটোর,নলডাঙ্গা,2.0,0.0,0.0,0.0,0.0,0.0,0.0,1.0,1.0,0.0,0.0,0.0,0.0,0.0,0.0,0.0,0.0
149,149,জয়পুরহাট,আক্কেলপুর,7.0,0.0,0.0,0.0,0.0,0.0,0.0,1.0,6.0,0.0,0.0,0.0,0.0,0.0,0.0,0.0,0.0
150,150,জয়পুরহাট,কালাই,2.0,0.0,0.0,0.0,0.0,0.0,0.0,0.0,1.0,0.0,1.0,0.0,0.0,0.0,0.0,0.0,0.0
151,151,জয়পুরহাট,ক্ষেতলাল,2.0,0.0,0.0,0.0,0.0,0.0,0.0,0.0,2.0,0.0,0.0,0.0,0.0,0.0,0.0,0.0,0.0
152,152,জয়পুরহাট,পাঁচবিবি,1.0,0.0,0.0,0.0,0.0,0.0,0.0,0.0,1.0,0.0,0.0,0.0,0.0,0.0,0.0,0.0,0.0
153,153,জয়পুরহাট,জয়পুরহাট সদর,14.0,0.0,0.0,0.0,0.0,0.0,0.0,1.0,7.0,3.0,3.0,0.0,0.0,0.0,0.0,0.0,0.0
154,154,চাঁপাইনবাবগঞ্জ,চাঁপাইনবাবগঞ্জ সদর,69.0,1.0,0.0,0.0,0.0,0.0,0.0,4.0,44.0,13.0,7.0,0.0,0.0,0.0,0.0,0.0,0.0
155,155,চাঁপাইনবাবগঞ্জ,গোমস্তাপুর,1.0,0.0,0.0,0.0,0.0,0.0,0.0,0.0,1.0,0.0,0.0,0.0,0.0,0.0,0.0,0.0,0.0
156,156,চাঁপাইনবাবগঞ্জ,নাচোল,5.0,1.0,0.0,0.0,0.0,0.0,0.0,0.0,3.0,0.0,0.0,0.0,1.0,0.0,0.0,0.0,0.0
157,157,চাঁপাইনবাবগঞ্জ,ভোলাহাট,1.0,0.0,0.0,0.0,0.0,0.0,0.0,0.0,1.0,0.0,0.0,0.0,0.0,0.0,0.0,0.0,0.0
158,158,চাঁপাইনবাবগঞ্জ,শিবগঞ্জ,27.0,0.0,0.0,0.0,0.0,0.0,0.0,0.0,21.0,3.0,3.0,0.0,0.0,0.0,0.0,0.0,0.0
159,159,নওগাঁ,মহাদেবপুর,8.0,0.0,0.0,0.0,0.0,0.0,0.0,0.0,8.0,0.0,0.0,0.0,0.0,0.0,0.0,0.0,0.0
160,160,নওগাঁ,বদলগাছী,17.0,0.0,0.0,0.0,0.0,0.0,0.0,0.0,17.0,0.0,0.0,0.0,0.0,0.0,0.0,0.0,0.0
161,161,নওগাঁ,পত্নিতলা,0.0,0.0,0.0,0.0,0.0,0.0,0.0,0.0,0.0,0.0,0.0,0.0,0.0,0.0,0.0,0.0,0.0
162,162,নওগাঁ,ধামইরহাট,4.0,0.0,0.0,0.0,0.0,0.0,0.0,0.0,3.0,1.0,0.0,0.0,0.0,0.0,0.0,0.0,0.0
163,163,নওগাঁ,নিয়ামতপুর,6.0,0.0,0.0,0.0,0.0,0.0,0.0,0.0,4.0,2.0,0.0,0.0,0.0,0.0,0.0,0.0,0.0
164,164,নওগাঁ,মান্দা,3.0,0.0,0.0,0.0,0.0,0.0,0.0,0.0,3.0,0.0,0.0,0.0,0.0,0.0,0.0,0.0,0.0
165,165,নওগাঁ,আত্রাই,15.0,0.0,0.0,0.0,0.0,0.0,0.0,1.0,14.0,0.0,0.0,0.0,0.0,0.0,0.0,0.0,0.0
166,166,নওগাঁ,রাণীনগর,4.0,0.0,0.0,0.0,0.0,0.0,0.0,0.0,0.0,3.0,0.0,0.0,1.0,0.0,0.0,0.0,0.0
167,167,নওগাঁ,নওগাঁ সদর,54.0,0.0,1.0,0.0,0.0,0.0,0.0,3.0,37.0,8.0,5.0,0.0,0.0,0.0,0.0,0.0,0.0
168,168,নওগাঁ,পোরশা,11.0,0.0,0.0,0.0,0.0,0.0,0.0,0.0,7.0,4.0,0.0,0.0,0.0,0.0,0.0,0.0,0.0
169,169,নওগাঁ,সাপাহার,13.0,0.0,0.0,0.0,0.0,0.0,0.0,0.0,8.0,4.0,0.0,0.0,1.0,0.0,0.0,0.0,0.0
170,170,যশোর,মণিরামপুর,89.0,0.0,4.0,0.0,0.0,0.0,0.0,0.0,31.0,52.0,0.0,2.0,0.0,0.0,0.0,0.0,0.0
171,171,যশোর,অভয়নগর,56.0,0.0,0.0,0.0,0.0,0.0,0.0,0.0,5.0,46.0,5.0,0.0,0.0,0.0,0.0,0.0,0.0
172,172,যশোর,বাঘারপাড়া,69.0,0.0,0.0,0.0,0.0,0.0,0.0,0.0,15.0,52.0,2.0,0.0,0.0,0.0,0.0,0.0,0.0
173,173,যশোর,চৌগাছা,130.0,0.0,0.0,0.0,0.0,0.0,0.0,1.0,31.0,80.0,18.0,0.0,0.0,0.0,0.0,0.0,0.0
174,174,যশোর,ঝিকরগাছা,44.0,0.0,0.0,0.0,0.0,0.0,0.0,0.0,3.0,39.0,0.0,2.0,0.0,0.0,0.0,0.0,0.0
175,175,যশোর,কেশবপুর,118.0,0.0,0.0,0.0,0.0,0.0,0.0,0.0,37.0,46.0,29.0,6.0,0.0,0.0,0.0,0.0,0.0
176,176,যশোর,যশোর সদর,194.0,0.0,0.0,0.0,0.0,0.0,0.0,5.0,110.0,68.0,11.0,0.0,0.0,0.0,0.0,0.0,0.0
177,177,যশোর,শার্শা,38.0,0.0,0.0,0.0,0.0,0.0,0.0,0.0,19.0,19.0,0.0,0.0,0.0,0.0,0.0,0.0,0.0
178,178,সাতক্ষীরা,আশাশুনি,21.0,0.0,0.0,0.0,0.0,0.0,0.0,0.0,13.0,7.0,1.0,0.0,0.0,0.0,0.0,0.0,0.0
179,179,সাতক্ষীরা,দেবহাটা,32.0,0.0,0.0,0.0,0.0,0.0,0.0,0.0,18.0,12.0,2.0,0.0,0.0,0.0,0.0,0.0,0.0
180,180,সাতক্ষীরা,কলারোয়া,84.0,0.0,0.0,0.0,0.0,0.0,0.0,1.0,22.0,57.0,3.0,1.0,0.0,0.0,0.0,0.0,0.0
181,181,সাতক্ষীরা,সাতক্ষীরা সদর,385.0,0.0,0.0,0.0,0.0,0.0,0.0,5.0,278.0,97.0,3.0,2.0,0.0,0.0,0.0,0.0,0.0
182,182,সাতক্ষীরা,শ্যামনগর,70.0,0.0,0.0,0.0,0.0,0.0,0.0,0.0,16.0,50.0,2.0,2.0,0.0,0.0,0.0,0.0,0.0
183,183,সাতক্ষীরা,তালা,211.0,1.0,1.0,0.0,0.0,0.0,3.0,0.0,81.0,101.0,13.0,11.0,0.0,0.0,0.0,0.0,0.0
184,184,সাতক্ষীরা,কালিগঞ্জ,116.0,0.0,0.0,0.0,0.0,0.0,0.0,1.0,86.0,26.0,3.0,0.0,0.0,0.0,0.0,0.0,0.0
185,185,মেহেরপুর,মুজিবনগর,20.0,0.0,0.0,0.0,0.0,0.0,0.0,0.0,12.0,6.0,2.0,0.0,0.0,0.0,0.0,0.0,0.0
186,186,মেহেরপুর,মেহেরপুর সদর,24.0,0.0,0.0,0.0,0.0,0.0,0.0,2.0,9.0,9.0,3.0,1.0,0.0,0.0,0.0,0.0,0.0
187,187,মেহেরপুর,গাংনী,50.0,0.0,0.0,0.0,0.0,0.0,0.0,1.0,22.0,23.0,4.0,0.0,0.0,0.0,0.0,0.0,0.0
188,188,নড়াইল,নড়াইল সদর,129.0,0.0,0.0,0.0,0.0,0.0,0.0,6.0,100.0,19.0,0.0,4.0,0.0,0.0,0.0,0.0,0.0
189,189,নড়াইল,লোহাগড়া,65.0,0.0,0.0,0.0,0.0,0.0,0.0,2.0,49.0,11.0,0.0,3.0,0.0,0.0,0.0,0.0,0.0
190,190,নড়াইল,কালিয়া,14.0,1.0,0.0,0.0,0.0,0.0,0.0,0.0,6.0,7.0,0.0,0.0,0.0,0.0,0.0,0.0,0.0
191,191,চুয়াডাঙ্গা,চুয়াডাঙ্গা সদর,62.0,0.0,0.0,0.0,0.0,0.0,0.0,5.0,40.0,17.0,0.0,0.0,0.0,0.0,0.0,0.0,0.0
192,192,চুয়াডাঙ্গা,আলমডাঙ্গা,20.0,0.0,0.0,0.0,0.0,0.0,0.0,0.0,15.0,5.0,0.0,0.0,0.0,0.0,0.0,0.0,0.0
193,193,চুয়াডাঙ্গা,দামুড়হুদা,3.0,0.0,0.0,0.0,0.0,0.0,0.0,0.0,3.0,0.0,0.0,0.0,0.0,0.0,0.0,0.0,0.0
194,194,চুয়াডাঙ্গা,জীবননগর,6.0,0.0,0.0,0.0,0.0,0.0,0.0,0.0,2.0,4.0,0.0,0.0,0.0,0.0,0.0,0.0,0.0
195,195,কুষ্টিয়া,কুষ্টিয়া সদর,92.0,0.0,0.0,0.0,0.0,0.0,0.0,5.0,50.0,32.0,5.0,0.0,0.0,0.0,0.0,0.0,0.0
196,196,কুষ্টিয়া,কুমারখালী,36.0,0.0,0.0,0.0,0.0,0.0,0.0,0.0,6.0,8.0,22.0,0.0,0.0,0.0,0.0,0.0,0.0
197,197,কুষ্টিয়া,খোকসা,6.0,0.0,0.0,0.0,0.0,0.0,0.0,0.0,2.0,2.0,2.0,0.0,0.0,0.0,0.0,0.0,0.0
198,198,কুষ্টিয়া,মিরপুর,694.0,5.0,6.0,1.0,3.0,1.0,21.0,24.0,483.0,93.0,38.0,6.0,13.0,19.0,13.0,1.0,5.0
199,199,কুষ্টিয়া,দৌলতপুর,225.0,0.0,0.0,0.0,0.0,0.0,0.0,0.0,62.0,133.0,29.0,0.0,0.0,0.0,0.0,0.0,0.0
200,200,কুষ্টিয়া,ভেড়ামারা,151.0,0.0,0.0,0.0,0.0,0.0,0.0,0.0,4.0,139.0,8.0,0.0,0.0,0.0,0.0,0.0,0.0
201,201,মাগুরা,শালিখা,39.0,0.0,0.0,0.0,0.0,0.0,0.0,0.0,1.0,38.0,0.0,0.0,0.0,0.0,0.0,0.0,0.0
202,202,মাগুরা,শ্রীপুর,48.0,0.0,0.0,0.0,0.0,0.0,0.0,0.0,28.0,2.0,17.0,0.0,1.0,0.0,0.0,0.0,0.0
203,203,মাগুরা,মাগুরা সদর,136.0,0.0,0.0,0.0,0.0,0.0,0.0,2.0,109.0,21.0,4.0,0.0,0.0,1.0,1.0,0.0,0.0
204,204,মাগুরা,মহম্মদপুর,15.0,0.0,0.0,0.0,0.0,0.0,0.0,0.0,13.0,0.0,2.0,0.0,0.0,0.0,0.0,0.0,0.0
205,205,খুলনা,পাইকগাছা,20.0,0.0,0.0,0.0,0.0,0.0,0.0,0.0,11.0,8.0,1.0,0.0,0.0,0.0,0.0,0.0,0.0
206,206,খুলনা,ফুলতলা,22.0,0.0,0.0,0.0,0.0,0.0,0.0,1.0,13.0,2.0,5.0,1.0,0.0,0.0,0.0,0.0,0.0
207,207,খুলনা,দিঘলিয়া,57.0,0.0,0.0,0.0,0.0,0.0,0.0,1.0,30.0,5.0,21.0,0.0,0.0,0.0,0.0,0.0,0.0
208,208,খুলনা,রূপসা,159.0,0.0,0.0,0.0,0.0,0.0,0.0,0.0,137.0,18.0,2.0,2.0,0.0,0.0,0.0,0.0,0.0
209,209,খুলনা,তেরখাদা,31.0,0.0,0.0,0.0,0.0,0.0,0.0,0.0,21.0,10.0,0.0,0.0,0.0,0.0,0.0,0.0,0.0
210,210,খুলনা,ডুমুরিয়া,43.0,0.0,0.0,0.0,0.0,0.0,0.0,0.0,38.0,5.0,0.0,0.0,0.0,0.0,0.0,0.0,0.0
211,211,খুলনা,বটিয়াঘাটা,0.0,0.0,0.0,0.0,0.0,0.0,0.0,0.0,0.0,0.0,0.0,0.0,0.0,0.0,0.0,0.0,0.0
212,212,খুলনা,দাকোপ,8.0,0.0,0.0,0.0,0.0,0.0,0.0,0.0,7.0,1.0,0.0,0.0,0.0,0.0,0.0,0.0,0.0
213,213,খুলনা,কয়রা,13.0,0.0,0.0,0.0,0.0,0.0,0.0,0.0,3.0,10.0,0.0,0.0,0.0,0.0,0.0,0.0,0.0
214,214,বাগেরহাট,ফকিরহাট,6.0,0.0,0.0,0.0,0.0,0.0,0.0,0.0,6.0,0.0,0.0,0.0,0.0,0.0,0.0,0.0,0.0
215,215,বাগেরহাট,বাগেরহাট সদর,68.0,0.0,0.0,0.0,0.0,0.0,0.0,2.0,53.0,12.0,0.0,1.0,0.0,0.0,0.0,0.0,0.0
216,216,বাগেরহাট,মোল্লাহাট,0.0,0.0,0.0,0.0,0.0,0.0,0.0,0.0,0.0,0.0,0.0,0.0,0.0,0.0,0.0,0.0,0.0
217,217,বাগেরহাট,শরণখোলা,43.0,0.0,0.0,0.0,0.0,0.0,0.0,0.0,36.0,4.0,1.0,2.0,0.0,0.0,0.0,0.0,0.0
218,218,বাগেরহাট,রামপাল,8.0,0.0,0.0,0.0,0.0,0.0,0.0,0.0,5.0,0.0,2.0,0.0,1.0,1.0,1.0,0.0,0.0
219,219,বাগেরহাট,মোড়েলগঞ্জ,3.0,0.0,0.0,0.0,0.0,0.0,0.0,0.0,3.0,0.0,0.0,0.0,0.0,0.0,0.0,0.0,0.0
220,220,বাগেরহাট,কচুয়া,33.0,0.0,0.0,0.0,0.0,0.0,0.0,2.0,18.0,1.0,2.0,9.0,1.0,0.0,0.0,0.0,0.0
221,221,বাগেরহাট,মোংলা,16.0,0.0,0.0,0.0,0.0,0.0,0.0,0.0,14.0,2.0,0.0,0.0,0.0,0.0,0.0,0.0,0.0
222,222,বাগেরহাট,চিতলমারী,13.0,0.0,0.0,0.0,0.0,0.0,0.0,0.0,7.0,6.0,0.0,0.0,0.0,0.0,0.0,0.0,0.0
223,223,ঝিনাইদহ,ঝিনাইদহ সদর,90.0,0.0,0.0,0.0,0.0,0.0,0.0,4.0,56.0,27.0,3.0,0.0,0.0,0.0,0.0,0.0,0.0
224,224,ঝিনাইদহ,শৈলকুপা,16.0,0.0,0.0,0.0,0.0,0.0,0.0,0.0,11.0,5.0,0.0,0.0,0.0,0.0,0.0,0.0,0.0
225,225,ঝিনাইদহ,হরিণাকুন্ডু,0.0,0.0,0.0,0.0,0.0,0.0,0.0,0.0,0.0,0.0,0.0,0.0,0.0,0.0,0.0,0.0,0.0
226,226,ঝিনাইদহ,কালীগঞ্জ,179.0,0.0,0.0,0.0,0.0,0.0,0.0,0.0,124.0,39.0,14.0,2.0,0.0,0.0,0.0,0.0,0.0
227,227,ঝিনাইদহ,কোটচাঁদপুর,7.0,0.0,0.0,0.0,0.0,0.0,0.0,0.0,2.0,5.0,0.0,0.0,0.0,0.0,0.0,0.0,0.0
228,228,ঝিনাইদহ,মহেশপুর,10.0,0.0,0.0,0.0,0.0,0.0,0.0,0.0,5.0,5.0,0.0,0.0,0.0,0.0,0.0,0.0,0.0
229,229,ঝালকাঠি,ঝালকাঠি সদর,31.0,0.0,0.0,0.0,0.0,0.0,0.0,3.0,24.0,4.0,0.0,0.0,0.0,0.0,0.0,0.0,0.0
230,230,ঝালকাঠি,কাঠালিয়া,0.0,0.0,0.0,0.0,0.0,0.0,0.0,0.0,0.0,0.0,0.0,0.0,0.0,0.0,0.0,0.0,0.0
231,231,ঝালকাঠি,নলছিটি,18.0,0.0,0.0,0.0,0.0,0.0,0.0,0.0,18.0,0.0,0.0,0.0,0.0,0.0,0.0,0.0,0.0
232,232,ঝালকাঠি,রাজাপুর,87.0,0.0,0.0,0.0,0.0,0.0,0.0,1.0,76.0,8.0,1.0,0.0,1.0,0.0,0.0,0.0,0.0
233,233,পটুয়াখালী,বাউফল,40.0,0.0,0.0,0.0,0.0,0.0,0.0,5.0,33.0,0.0,2.0,0.0,0.0,0.0,0.0,0.0,0.0
234,234,পটুয়াখালী,পটুয়াখালী সদর,123.0,0.0,0.0,0.0,0.0,0.0,0.0,5.0,91.0,27.0,0.0,0.0,0.0,0.0,0.0,0.0,0.0
235,235,পটুয়াখালী,দুমকি,55.0,0.0,0.0,0.0,0.0,0.0,0.0,0.0,51.0,4.0,0.0,0.0,0.0,0.0,0.0,0.0,0.0
236,236,পটুয়াখালী,দশমিনা,23.0,0.0,0.0,0.0,0.0,0.0,0.0,0.0,19.0,4.0,0.0,0.0,0.0,0.0,0.0,0.0,0.0
237,237,পটুয়াখালী,কলাপাড়া,39.0,0.0,0.0,0.0,0.0,0.0,0.0,0.0,38.0,1.0,0.0,0.0,0.0,0.0,0.0,0.0,0.0
238,238,পটুয়াখালী,মির্জাগঞ্জ,29.0,0.0,0.0,0.0,0.0,0.0,0.0,0.0,23.0,4.0,0.0,2.0,0.0,0.0,0.0,0.0,0.0
239,239,পটুয়াখালী,গলাচিপা,21.0,0.0,0.0,0.0,0.0,0.0,0.0,0.0,20.0,0.0,0.0,1.0,0.0,0.0,0.0,0.0,0.0
240,240,পটুয়াখালী,রাঙ্গাবালী,13.0,0.0,0.0,0.0,0.0,0.0,0.0,0.0,4.0,9.0,0.0,0.0,0.0,0.0,0.0,0.0,0.0
241,241,পিরোজপুর,পিরোজপুর সদর,90.0,0.0,0.0,0.0,0.0,0.0,0.0,12.0,65.0,8.0,2.0,3.0,0.0,0.0,0.0,0.0,0.0
242,242,পিরোজপুর,নাজিরপুর,27.0,0.0,0.0,0.0,5.0,0.0,0.0,1.0,19.0,0.0,1.0,1.0,0.0,2.0,0.0,2.0,0.0
243,243,পিরোজপুর,কাউখালী,24.0,0.0,0.0,0.0,0.0,0.0,0.0,4.0,16.0,2.0,0.0,2.0,0.0,0.0,0.0,0.0,0.0
244,244,পিরোজপুর,জিয়ানগর,0.0,0.0,0.0,0.0,0.0,0.0,0.0,0.0,0.0,0.0,0.0,0.0,0.0,0.0,0.0,0.0,0.0
245,245,পিরোজপুর,ভান্ডারিয়া,71.0,0.0,0.0,0.0,0.0,0.0,0.0,1.0,53.0,16.0,0.0,1.0,0.0,0.0,0.0,0.0,0.0
246,246,পিরোজপুর,মঠবাড়ীয়া,0.0,0.0,0.0,0.0,0.0,0.0,0.0,0.0,0.0,0.0,0.0,0.0,0.0,0.0,0.0,0.0,0.0
247,247,পিরোজপুর,নেছারাবাদ,9.0,0.0,0.0,0.0,0.0,0.0,0.0,0.0,0.0,0.0,0.0,9.0,0.0,0.0,0.0,0.0,0.0
248,248,বরিশাল,বরিশাল সদর,369.0,0.0,0.0,0.0,0.0,0.0,0.0,9.0,282.0,63.0,14.0,1.0,0.0,0.0,0.0,0.0,0.0
249,249,বরিশাল,বাকেরগঞ্জ,22.0,0.0,0.0,0.0,0.0,0.0,0.0,7.0,15.0,0.0,0.0,0.0,0.0,0.0,0.0,0.0,0.0
250,250,বরিশাল,বাবুগঞ্জ,5.0,0.0,0.0,0.0,0.0,0.0,0.0,0.0,5.0,0.0,0.0,0.0,0.0,0.0,0.0,0.0,0.0
251,251,বরিশাল,উজিরপুর,17.0,0.0,0.0,0.0,0.0,0.0,0.0,2.0,13.0,0.0,2.0,0.0,0.0,0.0,0.0,0.0,0.0
252,252,বরিশাল,বানারীপাড়া,31.0,0.0,0.0,0.0,0.0,0.0,0.0,1.0,5.0,24.0,1.0,0.0,0.0,0.0,0.0,0.0,0.0
253,253,বরিশাল,গৌরনদী,108.0,0.0,0.0,0.0,0.0,0.0,0.0,8.0,89.0,10.0,1.0,0.0,0.0,0.0,0.0,0.0,0.0
254,254,বরিশাল,আগৈলঝাড়া,22.0,0.0,0.0,0.0,0.0,0.0,0.0,4.0,18.0,0.0,0.0,0.0,0.0,0.0,0.0,0.0,0.0
255,255,বরিশাল,মেহেন্দিগঞ্জ,39.0,0.0,0.0,0.0,0.0,0.0,0.0,0.0,32.0,4.0,3.0,0.0,0.0,0.0,0.0,0.0,0.0
256,256,বরিশাল,মুলাদী,40.0,0.0,0.0,0.0,0.0,0.0,0.0,0.0,3.0,37.0,0.0,0.0,0.0,0.0,0.0,0.0,0.0
257,257,বরিশাল,হিজলা,6.0,0.0,0.0,0.0,0.0,0.0,0.0,0.0,2.0,4.0,0.0,0.0,0.0,0.0,0.0,0.0,0.0
258,258,ভোলা,ভোলা সদর,122.0,0.0,0.0,0.0,0.0,0.0,0.0,5.0,93.0,15.0,9.0,0.0,0.0,0.0,0.0,0.0,0.0
259,259,ভোলা,বোরহান উদ্দিন,28.0,0.0,0.0,0.0,0.0,0.0,1.0,0.0,18.0,4.0,1.0,2.0,2.0,0.0,0.0,0.0,0.0
260,260,ভোলা,চরফ্যাশন,27.0,0.0,0.0,0.0,0.0,0.0,0.0,0.0,19.0,8.0,0.0,0.0,0.0,0.0,0.0,0.0,0.0
261,261,ভোলা,দৌলতখান,9.0,0.0,0.0,0.0,0.0,0.0,0.0,0.0,9.0,0.0,0.0,0.0,0.0,0.0,0.0,0.0,0.0
262,262,ভোলা,মনপুরা,32.0,0.0,1.0,1.0,0.0,0.0,1.0,0.0,28.0,1.0,0.0,0.0,0.0,0.0,0.0,0.0,0.0
263,263,ভোলা,তজুমদ্দিন,2.0,0.0,0.0,0.0,0.0,0.0,0.0,0.0,2.0,0.0,0.0,0.0,0.0,0.0,0.0,0.0,0.0
264,264,ভোলা,লালমোহন,13.0,0.0,0.0,0.0,0.0,0.0,0.0,0.0,11.0,2.0,0.0,0.0,0.0,0.0,0.0,0.0,0.0
265,265,বরগুনা,আমতলী,48.0,0.0,0.0,0.0,0.0,0.0,0.0,0.0,42.0,6.0,0.0,0.0,0.0,0.0,0.0,0.0,0.0
266,266,বরগুনা,বরগুনা সদর,101.0,0.0,0.0,0.0,0.0,0.0,0.0,1.0,76.0,24.0,0.0,0.0,0.0,0.0,0.0,0.0,0.0
267,267,বরগুনা,বেতাগী,26.0,0.0,0.0,0.0,0.0,0.0,0.0,0.0,3.0,23.0,0.0,0.0,0.0,0.0,0.0,0.0,0.0
268,268,বরগুনা,বামনা,11.0,0.0,0.0,0.0,0.0,0.0,0.0,0.0,9.0,2.0,0.0,0.0,0.0,0.0,0.0,0.0,0.0
269,269,বরগুনা,পাথরঘাটা,50.0,0.0,0.0,0.0,0.0,0.0,0.0,0.0,7.0,40.0,3.0,0.0,0.0,0.0,0.0,0.0,0.0
270,270,বরগুনা,তালতলি,0.0,0.0,0.0,0.0,0.0,0.0,0.0,0.0,0.0,0.0,0.0,0.0,0.0,0.0,0.0,0.0,0.0
271,271,সিলেট,বালাগঞ্জ,0.0,0.0,0.0,0.0,0.0,0.0,0.0,0.0,0.0,0.0,0.0,0.0,0.0,0.0,0.0,0.0,0.0
272,272,সিলেট,বিয়ানীবাজার,13.0,0.0,0.0,0.0,0.0,0.0,0.0,0.0,6.0,7.0,0.0,0.0,0.0,0.0,0.0,0.0,0.0
273,273,সিলেট,বিশ্বনাথ,61.0,4.0,1.0,0.0,0.0,0.0,0.0,0.0,20.0,30.0,3.0,2.0,1.0,0.0,0.0,0.0,0.0
274,274,সিলেট,কোম্পানীগঞ্জ,38.0,0.0,0.0,0.0,0.0,0.0,0.0,0.0,31.0,7.0,0.0,0.0,0.0,0.0,0.0,0.0,0.0
275,275,সিলেট,ফেঞ্চুগঞ্জ,1.0,0.0,0.0,0.0,0.0,0.0,0.0,0.0,1.0,0.0,0.0,0.0,0.0,0.0,0.0,0.0,0.0
276,276,সিলেট,গোলাপগঞ্জ,5.0,0.0,0.0,0.0,0.0,0.0,0.0,0.0,3.0,1.0,0.0,0.0,1.0,0.0,0.0,0.0,0.0
277,277,সিলেট,গোয়াইনঘাট,1.0,0.0,0.0,0.0,0.0,0.0,0.0,0.0,1.0,0.0,0.0,0.0,0.0,0.0,0.0,0.0,0.0
278,278,সিলেট,জৈন্তাপুর,6.0,0.0,0.0,0.0,0.0,0.0,0.0,0.0,1.0,4.0,0.0,1.0,0.0,0.0,0.0,0.0,0.0
279,279,সিলেট,কানাইঘাট,6.0,0.0,0.0,0.0,0.0,0.0,0.0,0.0,5.0,0.0,0.0,0.0,1.0,0.0,0.0,0.0,0.0
280,280,সিলেট,সিলেট সদর,162.0,0.0,0.0,0.0,0.0,0.0,0.0,10.0,126.0,18.0,3.0,4.0,1.0,0.0,0.0,0.0,0.0
281,281,সিলেট,জকিগঞ্জ,4.0,0.0,0.0,0.0,0.0,0.0,0.0,0.0,3.0,0.0,0.0,0.0,1.0,0.0,0.0,0.0,0.0
282,282,সিলেট,দক্ষিণ সুরমা,30.0,0.0,0.0,0.0,0.0,0.0,0.0,0.0,29.0,0.0,0.0,1.0,0.0,0.0,0.0,0.0,0.0
283,283,সিলেট,ওসমানী নগর,25.0,0.0,0.0,0.0,0.0,0.0,0.0,0.0,22.0,0.0,0.0,2.0,1.0,0.0,0.0,0.0,0.0
284,284,মৌলভীবাজার,বড়লেখা,12.0,0.0,0.0,0.0,0.0,0.0,0.0,0.0,7.0,5.0,0.0,0.0,0.0,0.0,0.0,0.0,0.0
285,285,মৌলভীবাজার,কমলগঞ্জ,12.0,0.0,0.0,0.0,0.0,0.0,0.0,0.0,11.0,1.0,0.0,0.0,0.0,0.0,0.0,0.0,0.0
286,286,মৌলভীবাজার,কুলাউড়া,22.0,0.0,0.0,1.0,0.0,0.0,0.0,1.0,12.0,6.0,0.0,0.0,2.0,0.0,0.0,0.0,0.0
287,287,মৌলভীবাজার,মৌলভীবাজার সদর,43.0,0.0,0.0,0.0,0.0,0.0,0.0,5.0,30.0,8.0,0.0,0.0,0.0,0.0,0.0,0.0,0.0
288,288,মৌলভীবাজার,রাজনগর,7.0,0.0,0.0,0.0,0.0,0.0,0.0,0.0,7.0,0.0,0.0,0.0,0.0,0.0,0.0,0.0,0.0
289,289,মৌলভীবাজার,শ্রীমঙ্গল,21.0,1.0,0.0,0.0,0.0,0.0,0.0,1.0,19.0,0.0,0.0,0.0,0.0,1.0,1.0,0.0,0.0
290,290,মৌলভীবাজার,জুড়ী,4.0,0.0,0.0,0.0,0.0,0.0,0.0,0.0,3.0,0.0,0.0,1.0,0.0,0.0,0.0,0.0,0.0
291,291,হবিগঞ্জ,নবীগঞ্জ,16.0,0.0,0.0,0.0,0.0,0.0,0.0,1.0,6.0,0.0,9.0,0.0,0.0,0.0,0.0,0.0,0.0
292,292,হবিগঞ্জ,বাহুবল,7.0,0.0,0.0,0.0,0.0,0.0,0.0,0.0,7.0,0.0,0.0,0.0,0.0,0.0,0.0,0.0,0.0
293,293,হবিগঞ্জ,আজমিরীগঞ্জ,5.0,0.0,0.0,0.0,0.0,0.0,0.0,0.0,5.0,0.0,0.0,0.0,0.0,0.0,0.0,0.0,0.0
294,294,হবিগঞ্জ,বানিয়াচং,15.0,1.0,0.0,0.0,5.0,0.0,0.0,0.0,5.0,4.0,0.0,0.0,0.0,0.0,0.0,0.0,0.0
295,295,হবিগঞ্জ,লাখাই,28.0,0.0,0.0,0.0,0.0,0.0,0.0,0.0,24.0,4.0,0.0,0.0,0.0,0.0,0.0,0.0,0.0
296,296,হবিগঞ্জ,চুনারুঘাট,22.0,0.0,0.0,0.0,0.0,0.0,0.0,0.0,14.0,7.0,1.0,0.0,0.0,0.0,0.0,0.0,0.0
297,297,হবিগঞ্জ,হবিগঞ্জ সদর,115.0,1.0,0.0,1.0,6.0,0.0,0.0,15.0,74.0,16.0,2.0,0.0,0.0,0.0,0.0,0.0,0.0
298,298,হবিগঞ্জ,মাধবপুর,34.0,0.0,0.0,0.0,0.0,0.0,0.0,0.0,23.0,9.0,2.0,0.0,0.0,0.0,0.0,0.0,0.0
299,299,সুনামগঞ্জ,সুনামগঞ্জ সদর,29.0,0.0,0.0,0.0,3.0,0.0,0.0,4.0,17.0,4.0,1.0,0.0,0.0,0.0,0.0,0.0,0.0
300,300,সুনামগঞ্জ,দক্ষিণ সুনামগঞ্জ,23.0,1.0,0.0,0.0,0.0,0.0,0.0,2.0,15.0,5.0,0.0,0.0,0.0,0.0,0.0,0.0,0.0
301,301,সুনামগঞ্জ,বিশ্বম্ভরপুর,2.0,0.0,1.0,0.0,0.0,0.0,0.0,0.0,1.0,0.0,0.0,0.0,0.0,0.0,0.0,0.0,0.0
302,302,সুনামগঞ্জ,ছাতক,0.0,0.0,0.0,0.0,0.0,0.0,0.0,0.0,0.0,0.0,0.0,0.0,0.0,0.0,0.0,0.0,0.0
303,303,সুনামগঞ্জ,জগন্নাথপুর,7.0,0.0,0.0,0.0,0.0,0.0,0.0,0.0,6.0,0.0,1.0,0.0,0.0,0.0,0.0,0.0,0.0
304,304,সুনামগঞ্জ,দোয়ারাবাজার,0.0,0.0,0.0,0.0,0.0,0.0,0.0,0.0,0.0,0.0,0.0,0.0,0.0,0.0,0.0,0.0,0.0
305,305,সুনামগঞ্জ,তাহিরপুর,5.0,0.0,0.0,0.0,0.0,0.0,0.0,0.0,4.0,1.0,0.0,0.0,0.0,0.0,0.0,0.0,0.0
306,306,সুনামগঞ্জ,ধর্মপাশা,6.0,0.0,0.0,0.0,0.0,0.0,0.0,0.0,1.0,5.0,0.0,0.0,0.0,0.0,0.0,0.0,0.0
307,307,সুনামগঞ্জ,জামালগঞ্জ,4.0,0.0,0.0,0.0,0.0,0.0,0.0,0.0,0.0,4.0,0.0,0.0,0.0,0.0,0.0,0.0,0.0
308,308,সুনামগঞ্জ,শাল্লা,6.0,0.0,0.0,0.0,0.0,0.0,0.0,0.0,2.0,4.0,0.0,0.0,0.0,0.0,0.0,0.0,0.0
309,309,সুনামগঞ্জ,দিরাই,9.0,0.0,0.0,0.0,0.0,0.0,0.0,0.0,0.0,9.0,0.0,0.0,0.0,0.0,0.0,0.0,0.0
310,310,নরসিংদী,বেলাবো,2.0,0.0,0.0,0.0,0.0,0.0,0.0,1.0,0.0,1.0,0.0,0.0,0.0,0.0,0.0,0.0,0.0
311,311,নরসিংদী,মনোহরদী,11.0,0.0,0.0,0.0,0.0,0.0,0.0,1.0,10.0,0.0,0.0,0.0,0.0,0.0,0.0,0.0,0.0
312,312,নরসিংদী,নরসিংদী সদর,32.0,0.0,0.0,0.0,0.0,0.0,0.0,5.0,24.0,2.0,1.0,0.0,0.0,0.0,0.0,0.0,0.0
313,313,নরসিংদী,পলাশ,102.0,0.0,3.0,0.0,1.0,0.0,0.0,5.0,71.0,20.0,2.0,0.0,0.0,3.0,0.0,0.0,3.0
314,314,নরসিংদী,রায়পুরা,2.0,0.0,0.0,0.0,0.0,0.0,0.0,0.0,0.0,2.0,0.0,0.0,0.0,0.0,0.0,0.0,0.0
315,315,নরসিংদী,শিবপুর,14.0,0.0,0.0,0.0,0.0,0.0,0.0,0.0,4.0,10.0,0.0,0.0,0.0,0.0,0.0,0.0,0.0
316,316,গাজীপুর,কালীগঞ্জ,179.0,0.0,0.0,0.0,0.0,0.0,0.0,0.0,124.0,39.0,14.0,2.0,0.0,0.0,0.0,0.0,0.0
317,317,গাজীপুর,কালিয়াকৈর,30.0,0.0,1.0,0.0,0.0,0.0,0.0,0.0,24.0,5.0,0.0,0.0,0.0,1.0,1.0,0.0,0.0
318,318,গাজীপুর,কাপাসিয়া,10.0,0.0,0.0,0.0,0.0,0.0,0.0,1.0,5.0,4.0,0.0,0.0,0.0,0.0,0.0,0.0,0.0
319,319,গাজীপুর,গাজীপুর সদর,56.0,0.0,0.0,0.0,0.0,0.0,0.0,7.0,35.0,14.0,0.0,0.0,0.0,0.0,0.0,0.0,0.0
320,320,গাজীপুর,শ্রীপুর,48.0,0.0,0.0,0.0,0.0,0.0,0.0,0.0,28.0,2.0,17.0,0.0,1.0,0.0,0.0,0.0,0.0
321,321,শরীয়তপুর,শরিয়তপুর সদর,3.0,0.0,0.0,0.0,0.0,0.0,0.0,0.0,2.0,1.0,0.0,0.0,0.0,0.0,0.0,0.0,0.0
322,322,শরীয়তপুর,নড়িয়া,13.0,1.0,0.0,0.0,0.0,0.0,0.0,0.0,12.0,0.0,0.0,0.0,0.0,0.0,0.0,0.0,0.0
323,323,শরীয়তপুর,জাজিরা,54.0,0.0,0.0,0.0,0.0,0.0,0.0,0.0,51.0,2.0,1.0,0.0,0.0,0.0,0.0,0.0,0.0
324,324,শরীয়তপুর,গোসাইরহাট,76.0,0.0,0.0,0.0,0.0,0.0,0.0,0.0,55.0,21.0,0.0,0.0,0.0,0.0,0.0,0.0,0.0
325,325,শরীয়তপুর,ভেদরগঞ্জ,62.0,0.0,0.0,0.0,0.0,0.0,0.0,0.0,60.0,2.0,0.0,0.0,0.0,0.0,0.0,0.0,0.0
326,326,শরীয়তপুর,ডামুড্যা,55.0,0.0,0.0,0.0,0.0,0.0,0.0,0.0,55.0,0.0,0.0,0.0,0.0,0.0,0.0,0.0,0.0
327,327,নারায়ণগঞ্জ,আড়াইহাজার,24.0,0.0,0.0,0.0,0.0,0.0,0.0,0.0,12.0,11.0,0.0,1.0,0.0,0.0,0.0,0.0,0.0
328,328,নারায়ণগঞ্জ,বন্দর,103.0,0.0,3.0,1.0,0.0,1.0,0.0,3.0,71.0,19.0,1.0,3.0,1.0,3.0,0.0,3.0,0.0
329,329,নারায়ণগঞ্জ,নারায়নগঞ্জ সদর,3.0,0.0,0.0,0.0,0.0,0.0,0.0,0.0,3.0,0.0,0.0,0.0,0.0,0.0,0.0,0.0,0.0
330,330,নারায়ণগঞ্জ,রূপগঞ্জ,27.0,0.0,0.0,0.0,0.0,0.0,2.0,4.0,17.0,2.0,0.0,2.0,0.0,0.0,0.0,0.0,0.0
331,331,নারায়ণগঞ্জ,সোনারগাঁ,14.0,0.0,0.0,0.0,0.0,0.0,0.0,1.0,9.0,2.0,2.0,0.0,0.0,0.0,0.0,0.0,0.0
332,332,টাঙ্গাইল,বাসাইল,8.0,0.0,1.0,0.0,0.0,0.0,0.0,1.0,2.0,4.0,0.0,0.0,0.0,0.0,0.0,0.0,0.0
333,333,টাঙ্গাইল,ভুয়াপুর,7.0,0.0,0.0,0.0,0.0,0.0,0.0,4.0,3.0,0.0,0.0,0.0,0.0,0.0,0.0,0.0,0.0
334,334,টাঙ্গাইল,দেলদুয়ার,23.0,0.0,1.0,1.0,0.0,0.0,1.0,0.0,16.0,4.0,0.0,0.0,0.0,0.0,0.0,0.0,0.0
335,335,টাঙ্গাইল,ঘাটাইল,14.0,0.0,0.0,0.0,0.0,0.0,0.0,3.0,11.0,0.0,0.0,0.0,0.0,0.0,0.0,0.0,0.0
336,336,টাঙ্গাইল,গোপালপুর,26.0,0.0,2.0,0.0,0.0,0.0,0.0,1.0,11.0,9.0,2.0,1.0,0.0,1.0,1.0,0.0,0.0
337,337,টাঙ্গাইল,মধুপুর,17.0,0.0,0.0,0.0,0.0,0.0,0.0,0.0,10.0,7.0,0.0,0.0,0.0,0.0,0.0,0.0,0.0
338,338,টাঙ্গাইল,মির্জাপুর,102.0,1.0,16.0,0.0,0.0,0.0,0.0,3.0,71.0,4.0,5.0,2.0,0.0,2.0,0.0,2.0,0.0
339,339,টাঙ্গাইল,নাগরপুর,5.0,0.0,0.0,0.0,0.0,0.0,0.0,0.0,5.0,0.0,0.0,0.0,0.0,0.0,0.0,0.0,0.0
340,340,টাঙ্গাইল,সখিপুর,12.0,0.0,0.0,0.0,0.0,0.0,0.0,0.0,5.0,5.0,2.0,0.0,0.0,0.0,0.0,0.0,0.0
341,341,টাঙ্গাইল,টাঙ্গাইল সদর,85.0,1.0,1.0,1.0,0.0,0.0,1.0,7.0,56.0,18.0,0.0,0.0,0.0,0.0,0.0,0.0,0.0
342,342,টাঙ্গাইল,কালিহাতী,9.0,1.0,0.0,1.0,0.0,0.0,1.0,0.0,2.0,4.0,0.0,0.0,0.0,0.0,0.0,0.0,0.0
343,343,টাঙ্গাইল,ধনবাড়ী,2.0,0.0,0.0,0.0,0.0,0.0,0.0,0.0,2.0,0.0,0.0,0.0,0.0,0.0,0.0,0.0,0.0
344,344,কিশোরগঞ্জ,ইটনা,75.0,0.0,0.0,0.0,0.0,0.0,0.0,0.0,70.0,5.0,0.0,0.0,0.0,0.0,0.0,0.0,0.0
345,345,কিশোরগঞ্জ,কটিয়াদী,8.0,0.0,0.0,0.0,0.0,0.0,0.0,1.0,5.0,0.0,0.0,2.0,0.0,0.0,0.0,0.0,0.0
346,346,কিশোরগঞ্জ,ভৈরব,60.0,0.0,0.0,0.0,0.0,0.0,0.0,0.0,40.0,11.0,8.0,1.0,0.0,0.0,0.0,0.0,0.0
347,347,কিশোরগঞ্জ,তাড়াইল,13.0,0.0,0.0,0.0,0.0,0.0,0.0,0.0,9.0,4.0,0.0,0.0,0.0,0.0,0.0,0.0,0.0
348,348,কিশোরগঞ্জ,হোসেনপুর,42.0,0.0,0.0,0.0,0.0,0.0,0.0,0.0,22.0,19.0,1.0,0.0,0.0,0.0,0.0,0.0,0.0
349,349,কিশোরগঞ্জ,পাকুন্দিয়া,102.0,0.0,0.0,0.0,0.0,0.0,0.0,0.0,100.0,2.0,0.0,0.0,0.0,0.0,0.0,0.0,0.0
350,350,কিশোরগঞ্জ,কুলিয়ারচর,8.0,0.0,0.0,0.0,0.0,0.0,0.0,1.0,7.0,0.0,0.0,0.0,0.0,0.0,0.0,0.0,0.0
351,351,কিশোরগঞ্জ,কিশোরগঞ্জ সদর,183.0,0.0,0.0,0.0,0.0,0.0,1.0,8.0,159.0,15.0,0.0,0.0,0.0,0.0,0.0,0.0,0.0
352,352,কিশোরগঞ্জ,করিমগঞ্জ,16.0,0.0,0.0,0.0,0.0,0.0,0.0,1.0,12.0,0.0,3.0,0.0,0.0,0.0,0.0,0.0,0.0
353,353,কিশোরগঞ্জ,বাজিতপুর,41.0,1.0,0.0,1.0,0.0,0.0,1.0,4.0,30.0,4.0,0.0,0.0,0.0,0.0,0.0,0.0,0.0
354,354,কিশোরগঞ্জ,অষ্টগ্রাম,2.0,0.0,0.0,0.0,0.0,0.0,0.0,0.0,2.0,0.0,0.0,0.0,0.0,0.0,0.0,0.0,0.0
355,355,কিশোরগঞ্জ,মিঠামইন,44.0,0.0,0.0,0.0,0.0,0.0,0.0,0.0,44.0,0.0,0.0,0.0,0.0,0.0,0.0,0.0,0.0
356,356,কিশোরগঞ্জ,নিকলী,10.0,0.0,0.0,0.0,0.0,0.0,0.0,1.0,9.0,0.0,0.0,0.0,0.0,0.0,0.0,0.0,0.0
357,357,মানিকগঞ্জ,হরিরামপুর,12.0,0.0,0.0,0.0,0.0,0.0,0.0,0.0,11.0,0.0,0.0,0.0,1.0,0.0,0.0,0.0,0.0
358,358,মানিকগঞ্জ,সাটুরিয়া,15.0,0.0,0.0,0.0,0.0,0.0,0.0,0.0,9.0,6.0,0.0,0.0,0.0,0.0,0.0,0.0,0.0
359,359,মানিকগঞ্জ,মানিকগঞ্জ সদর,132.0,0.0,0.0,0.0,0.0,0.0,0.0,5.0,62.0,46.0,0.0,4.0,15.0,0.0,0.0,0.0,0.0
360,360,মানিকগঞ্জ,ঘিওর,29.0,0.0,0.0,0.0,0.0,0.0,0.0,0.0,22.0,4.0,3.0,0.0,0.0,0.0,0.0,0.0,0.0
361,361,মানিকগঞ্জ,শিবালয়,99.0,0.0,0.0,0.0,0.0,0.0,0.0,1.0,38.0,59.0,1.0,0.0,0.0,0.0,0.0,0.0,0.0
362,362,মানিকগঞ্জ,দৌলতপুর,225.0,0.0,0.0,0.0,0.0,0.0,0.0,0.0,62.0,133.0,29.0,0.0,0.0,0.0,0.0,0.0,0.0
363,363,মানিকগঞ্জ,সিংগাইর,18.0,0.0,0.0,0.0,0.0,0.0,0.0,0.0,14.0,4.0,0.0,0.0,0.0,0.0,0.0,0.0,0.0
364,364,ঢাকা,সাভার,243.0,0.0,3.0,1.0,0.0,0.0,1.0,7.0,163.0,58.0,9.0,1.0,0.0,3.0,0.0,0.0,3.0
365,365,ঢাকা,ধামরাই,19.0,0.0,0.0,0.0,0.0,0.0,0.0,1.0,15.0,2.0,1.0,0.0,0.0,0.0,0.0,0.0,0.0
366,366,ঢাকা,কেরাণীগঞ্জ,0.0,0.0,0.0,0.0,0.0,0.0,0.0,0.0,0.0,0.0,0.0,0.0,0.0,0.0,0.0,0.0,0.0
367,367,ঢাকা,নবাবগঞ্জ,32.0,0.0,0.0,0.0,0.0,0.0,0.0,0.0,10.0,5.0,4.0,12.0,1.0,0.0,0.0,0.0,0.0
368,368,ঢাকা,দোহার,12.0,0.0,0.0,0.0,1.0,0.0,0.0,0.0,8.0,1.0,2.0,0.0,0.0,0.0,0.0,0.0,0.0
369,369,মুন্সিগঞ্জ,মুন্সিগঞ্জ সদর,12.0,0.0,0.0,0.0,0.0,0.0,0.0,1.0,10.0,1.0,0.0,0.0,0.0,0.0,0.0,0.0,0.0
370,370,মুন্সিগঞ্জ,শ্রীনগর,41.0,0.0,0.0,0.0,0.0,0.0,1.0,1.0,33.0,0.0,6.0,0.0,0.0,0.0,0.0,0.0,0.0
371,371,মুন্সিগঞ্জ,সিরাজদিখান,12.0,0.0,0.0,0.0,0.0,0.0,0.0,0.0,12.0,0.0,0.0,0.0,0.0,0.0,0.0,0.0,0.0
372,372,মুন্সিগঞ্জ,লৌহজং,9.0,0.0,0.0,0.0,0.0,0.0,0.0,0.0,9.0,0.0,0.0,0.0,0.0,0.0,0.0,0.0,0.0
373,373,মুন্সিগঞ্জ,গজারিয়া,15.0,0.0,0.0,0.0,0.0,0.0,0.0,0.0,15.0,0.0,0.0,0.0,0.0,0.0,0.0,0.0,0.0
374,374,মুন্সিগঞ্জ,টংগীবাড়ি,0.0,0.0,0.0,0.0,0.0,0.0,0.0,0.0,0.0,0.0,0.0,0.0,0.0,0.0,0.0,0.0,0.0
375,375,রাজবাড়ী,রাজবাড়ী সদর,134.0,0.0,0.0,0.0,0.0,0.0,0.0,3.0,105.0,10.0,16.0,0.0,0.0,0.0,0.0,0.0,0.0
376,376,রাজবাড়ী,গোয়ালন্দ,16.0,0.0,0.0,0.0,0.0,0.0,0.0,0.0,10.0,1.0,5.0,0.0,0.0,0.0,0.0,0.0,0.0
377,377,রাজবাড়ী,পাংশা,71.0,0.0,0.0,0.0,0.0,0.0,0.0,0.0,61.0,8.0,2.0,0.0,0.0,0.0,0.0,0.0,0.0
378,378,রাজবাড়ী,বালিয়াকান্দি,32.0,0.0,0.0,0.0,0.0,0.0,0.0,0.0,27.0,5.0,0.0,0.0,0.0,0.0,0.0,0.0,0.0
379,379,রাজবাড়ী,কালুখালী,3.0,0.0,0.0,0.0,0.0,0.0,0.0,0.0,2.0,1.0,0.0,0.0,0.0,0.0,0.0,0.0,0.0
380,380,মাদারীপুর,মাদারীপুর সদর,140.0,0.0,0.0,0.0,1.0,0.0,0.0,6.0,122.0,7.0,3.0,1.0,0.0,0.0,0.0,0.0,0.0
381,381,মাদারীপুর,শিবচর,226.0,0.0,0.0,0.0,0.0,0.0,0.0,0.0,157.0,68.0,1.0,0.0,0.0,0.0,0.0,0.0,0.0
382,382,মাদারীপুর,কালকিনি,56.0,0.0,0.0,0.0,0.0,0.0,0.0,0.0,50.0,4.0,0.0,2.0,0.0,0.0,0.0,0.0,0.0
383,383,মাদারীপুর,রাজৈর,74.0,0.0,0.0,0.0,0.0,0.0,0.0,0.0,45.0,27.0,0.0,2.0,0.0,0.0,0.0,0.0,0.0
384,384,গোপালগঞ্জ,গোপালগঞ্জ সদর,50.0,0.0,0.0,0.0,0.0,0.0,0.0,3.0,41.0,1.0,0.0,5.0,0.0,2.0,0.0,1.0,1.0
385,385,গোপালগঞ্জ,কাশিয়ানী,2.0,0.0,0.0,0.0,0.0,0.0,0.0,0.0,1.0,1.0,0.0,0.0,0.0,0.0,0.0,0.0,0.0
386,386,গোপালগঞ্জ,টুংগীপাড়া,0.0,0.0,0.0,0.0,0.0,0.0,0.0,0.0,0.0,0.0,0.0,0.0,0.0,0.0,0.0,0.0,0.0
387,387,গোপালগঞ্জ,কোটালীপাড়া,102.0,0.0,0.0,0.0,0.0,0.0,0.0,0.0,99.0,3.0,0.0,0.0,0.0,0.0,0.0,0.0,0.0
388,388,গোপালগঞ্জ,মুকসুদপুর,28.0,0.0,0.0,0.0,0.0,0.0,0.0,2.0,26.0,0.0,0.0,0.0,0.0,0.0,0.0,0.0,0.0
389,389,ফরিদপুর,ফরিদপুর সদর,404.0,0.0,0.0,0.0,0.0,0.0,0.0,8.0,345.0,30.0,20.0,0.0,1.0,1.0,1.0,0.0,0.0
390,390,ফরিদপুর,আলফাডাঙ্গা,28.0,0.0,0.0,0.0,0.0,0.0,0.0,0.0,25.0,3.0,0.0,0.0,0.0,0.0,0.0,0.0,0.0
391,391,ফরিদপুর,বোয়ালমারী,60.0,0.0,0.0,0.0,0.0,0.0,1.0,2.0,52.0,5.0,0.0,0.0,0.0,0.0,0.0,0.0,0.0
392,392,ফরিদপুর,সদরপুর,6.0,0.0,0.0,0.0,0.0,0.0,0.0,0.0,1.0,5.0,0.0,0.0,0.0,0.0,0.0,0.0,0.0
393,393,ফরিদপুর,নগরকান্দা,30.0,0.0,0.0,0.0,0.0,0.0,0.0,0.0,25.0,4.0,1.0,0.0,0.0,0.0,0.0,0.0,0.0
394,394,ফরিদপুর,ভাঙ্গা,143.0,0.0,0.0,2.0,0.0,1.0,0.0,2.0,104.0,29.0,2.0,3.0,0.0,0.0,0.0,0.0,0.0
395,395,ফরিদপুর,চরভদ্রাসন,25.0,0.0,0.0,0.0,0.0,0.0,0.0,4.0,15.0,6.0,0.0,0.0,0.0,0.0,0.0,0.0,0.0
396,396,ফরিদপুর,মধুখালী,84.0,0.0,0.0,0.0,0.0,0.0,0.0,0.0,71.0,13.0,0.0,0.0,0.0,0.0,0.0,0.0,0.0
397,397,ফরিদপুর,সালথা,36.0,0.0,0.0,0.0,0.0,0.0,0.0,0.0,0.0,36.0,0.0,0.0,0.0,0.0,0.0,0.0,0.0
398,398,পঞ্চগড়,পঞ্চগড় সদর,24.0,0.0,0.0,0.0,0.0,0.0,0.0,4.0,16.0,4.0,0.0,0.0,0.0,0.0,0.0,0.0,0.0
399,399,পঞ্চগড়,দেবীগঞ্জ,9.0,0.0,0.0,0.0,0.0,0.0,0.0,0.0,5.0,4.0,0.0,0.0,0.0,0.0,0.0,0.0,0.0
400,400,পঞ্চগড়,বোদা,7.0,0.0,0.0,0.0,0.0,0.0,0.0,0.0,7.0,0.0,0.0,0.0,0.0,0.0,0.0,0.0,0.0
401,401,পঞ্চগড়,আটোয়ারী,12.0,0.0,0.0,0.0,0.0,0.0,0.0,1.0,7.0,4.0,0.0,0.0,0.0,0.0,0.0,0.0,0.0
402,402,পঞ্চগড়,তেতুলিয়া,7.0,0.0,0.0,0.0,0.0,0.0,0.0,0.0,6.0,0.0,1.0,0.0,0.0,0.0,0.0,0.0,0.0
403,403,দিনাজপুর,নবাবগঞ্জ,32.0,0.0,0.0,0.0,0.0,0.0,0.0,0.0,10.0,5.0,4.0,12.0,1.0,0.0,0.0,0.0,0.0
404,404,দিনাজপুর,বীরগঞ্জ,21.0,0.0,1.0,0.0,0.0,0.0,0.0,0.0,15.0,4.0,0.0,0.0,1.0,0.0,0.0,0.0,0.0
405,405,দিনাজপুর,ঘোড়াঘাট,3.0,0.0,0.0,0.0,0.0,0.0,0.0,0.0,0.0,0.0,0.0,2.0,1.0,0.0,0.0,0.0,0.0
406,406,দিনাজপুর,বিরামপুর,23.0,0.0,0.0,0.0,0.0,0.0,0.0,1.0,4.0,4.0,0.0,13.0,1.0,0.0,0.0,0.0,0.0
407,407,দিনাজপুর,পার্বতীপুর,16.0,0.0,0.0,0.0,0.0,0.0,0.0,0.0,16.0,0.0,0.0,0.0,0.0,0.0,0.0,0.0,0.0
408,408,দিনাজপুর,বোচাগঞ্জ,48.0,0.0,0.0,0.0,0.0,0.0,0.0,1.0,46.0,0.0,1.0,0.0,0.0,0.0,0.0,0.0,0.0
409,409,দিনাজপুর,কাহারোল,9.0,0.0,0.0,0.0,0.0,0.0,0.0,0.0,5.0,4.0,0.0,0.0,0.0,0.0,0.0,0.0,0.0
410,410,দিনাজপুর,ফুলবাড়ী,14.0,0.0,0.0,0.0,0.0,0.0,0.0,0.0,5.0,8.0,1.0,0.0,0.0,0.0,0.0,0.0,0.0
411,411,দিনাজপুর,দিনাজপুর সদর,106.0,0.0,0.0,0.0,0.0,0.0,0.0,3.0,86.0,14.0,1.0,2.0,0.0,0.0,0.0,0.0,0.0
412,412,দিনাজপুর,হাকিমপুর,16.0,0.0,0.0,0.0,0.0,0.0,0.0,0.0,4.0,2.0,0.0,9.0,1.0,0.0,0.0,0.0,0.0
413,413,দিনাজপুর,খানসামা,4.0,0.0,0.0,0.0,0.0,0.0,0.0,0.0,0.0,4.0,0.0,0.0,0.0,0.0,0.0,0.0,0.0
414,414,দিনাজপুর,বিরল,95.0,3.0,0.0,0.0,2.0,0.0,1.0,1.0,75.0,7.0,2.0,4.0,0.0,3.0,3.0,0.0,0.0
415,415,দিনাজপুর,চিরিরবন্দর,7.0,0.0,0.0,0.0,0.0,0.0,0.0,1.0,2.0,4.0,0.0,0.0,0.0,0.0,0.0,0.0,0.0
416,416,লালমনিরহাট,লালমনিরহাট সদর,45.0,0.0,0.0,0.0,0.0,0.0,0.0,4.0,32.0,9.0,0.0,0.0,0.0,0.0,0.0,0.0,0.0
417,417,লালমনিরহাট,কালীগঞ্জ,179.0,0.0,0.0,0.0,0.0,0.0,0.0,0.0,124.0,39.0,14.0,2.0,0.0,0.0,0.0,0.0,0.0
418,418,লালমনিরহাট,হাতীবান্ধা,16.0,0.0,0.0,0.0,0.0,0.0,0.0,1.0,11.0,4.0,0.0,0.0,0.0,0.0,0.0,0.0,0.0
419,419,লালমনিরহাট,পাটগ্রাম,5.0,0.0,0.0,0.0,0.0,0.0,0.0,0.0,5.0,0.0,0.0,0.0,0.0,0.0,0.0,0.0,0.0
420,420,লালমনিরহাট,আদিতমারী,6.0,0.0,0.0,0.0,0.0,0.0,0.0,1.0,5.0,0.0,0.0,0.0,0.0,0.0,0.0,0.0,0.0
421,421,নীলফামারী,সৈয়দপুর,23.0,0.0,0.0,0.0,0.0,0.0,0.0,0.0,23.0,0.0,0.0,0.0,0.0,0.0,0.0,0.0,0.0
422,422,নীলফামারী,ডোমার,22.0,0.0,0.0,0.0,0.0,0.0,0.0,0.0,19.0,0.0,3.0,0.0,0.0,0.0,0.0,0.0,0.0
423,423,নীলফামারী,ডিমলা,13.0,0.0,0.0,0.0,0.0,0.0,0.0,0.0,10.0,0.0,3.0,0.0,0.0,0.0,0.0,0.0,0.0
424,424,নীলফামারী,জলঢাকা,17.0,0.0,0.0,0.0,0.0,0.0,0.0,0.0,13.0,0.0,4.0,0.0,0.0,0.0,0.0,0.0,0.0
425,425,নীলফামারী,কিশোরগঞ্জ,486.0,0.0,0.0,0.0,0.0,0.0,2.0,13.0,400.0,52.0,10.0,3.0,6.0,0.0,0.0,0.0,0.0
426,426,নীলফামারী,নীলফামারী সদর,48.0,0.0,0.0,0.0,0.0,0.0,0.0,2.0,46.0,0.0,0.0,0.0,0.0,0.0,0.0,0.0,0.0
427,427,গাইবান্ধা,সাদুল্লাপুর,1.0,0.0,0.0,0.0,0.0,0.0,0.0,0.0,1.0,0.0,0.0,0.0,0.0,0.0,0.0,0.0,0.0
428,428,গাইবান্ধা,গাইবান্ধা সদর,38.0,0.0,1.0,0.0,0.0,0.0,0.0,3.0,29.0,5.0,0.0,0.0,0.0,0.0,0.0,0.0,0.0
429,429,গাইবান্ধা,পলাশবাড়ী,21.0,0.0,0.0,0.0,0.0,0.0,0.0,0.0,20.0,1.0,0.0,0.0,0.0,0.0,0.0,0.0,0.0
430,430,গাইবান্ধা,সাঘাটা,4.0,0.0,1.0,0.0,0.0,0.0,0.0,0.0,3.0,0.0,0.0,0.0,0.0,0.0,0.0,0.0,0.0
431,431,গাইবান্ধা,গোবিন্দগঞ্জ,20.0,0.0,0.0,0.0,0.0,0.0,0.0,0.0,15.0,4.0,0.0,0.0,1.0,0.0,0.0,0.0,0.0
432,432,গাইবান্ধা,সুন্দরগঞ্জ,20.0,0.0,1.0,0.0,0.0,0.0,0.0,0.0,14.0,5.0,0.0,0.0,0.0,0.0,0.0,0.0,0.0
433,433,গাইবান্ধা,ফুলছড়ি,9.0,0.0,1.0,0.0,0.0,0.0,0.0,5.0,2.0,1.0,0.0,0.0,0.0,1.0,0.0,1.0,0.0
434,434,ঠাকুরগাঁও,ঠাকুরগাঁও সদর,107.0,0.0,0.0,0.0,0.0,0.0,0.0,5.0,86.0,10.0,6.0,0.0,0.0,0.0,0.0,0.0,0.0
435,435,ঠাকুরগাঁও,পীরগঞ্জ,17.0,0.0,0.0,0.0,0.0,0.0,0.0,0.0,12.0,5.0,0.0,0.0,0.0,0.0,0.0,0.0,0.0
436,436,ঠাকুরগাঁও,রাণীশংকৈল,28.0,0.0,0.0,0.0,2.0,0.0,0.0,0.0,26.0,0.0,0.0,0.0,0.0,0.0,0.0,0.0,0.0
437,437,ঠাকুরগাঁও,হরিপুর,26.0,0.0,0.0,0.0,0.0,0.0,0.0,1.0,17.0,1.0,7.0,0.0,0.0,0.0,0.0,0.0,0.0
438,438,ঠাকুরগাঁও,বালিয়াডাঙ্গী,5.0,0.0,0.0,0.0,0.0,0.0,0.0,0.0,1.0,4.0,0.0,0.0,0.0,0.0,0.0,0.0,0.0
439,439,রংপুর,রংপুর সদর,204.0,0.0,0.0,0.0,0.0,0.0,0.0,8.0,175.0,19.0,2.0,0.0,0.0,0.0,0.0,0.0,0.0
440,440,রংপুর,গংগাচড়া,0.0,0.0,0.0,0.0,0.0,0.0,0.0,0.0,0.0,0.0,0.0,0.0,0.0,0.0,0.0,0.0,0.0
441,441,রংপুর,তারাগঞ্জ,1.0,0.0,0.0,0.0,0.0,0.0,0.0,0.0,0.0,1.0,0.0,0.0,0.0,0.0,0.0,0.0,0.0
442,442,রংপুর,বদরগঞ্জ,2.0,0.0,0.0,0.0,0.0,0.0,0.0,0.0,2.0,0.0,0.0,0.0,0.0,0.0,0.0,0.0,0.0
443,443,রংপুর,মিঠাপুকুর,17.0,0.0,0.0,0.0,0.0,0.0,0.0,0.0,13.0,4.0,0.0,0.0,0.0,0.0,0.0,0.0,0.0
444,444,রংপুর,পীরগঞ্জ,17.0,0.0,0.0,0.0,0.0,0.0,0.0,0.0,12.0,5.0,0.0,0.0,0.0,0.0,0.0,0.0,0.0
445,445,রংপুর,কাউনিয়া,7.0,0.0,0.0,0.0,0.0,0.0,1.0,1.0,5.0,0.0,0.0,0.0,0.0,0.0,0.0,0.0,0.0
446,446,রংপুর,পীরগাছা,1.0,0.0,0.0,0.0,0.0,0.0,0.0,0.0,1.0,0.0,0.0,0.0,0.0,0.0,0.0,0.0,0.0
447,447,কুড়িগ্রাম,কুড়িগ্রাম সদর,63.0,0.0,1.0,0.0,0.0,0.0,0.0,5.0,45.0,11.0,1.0,0.0,0.0,0.0,0.0,0.0,0.0
448,448,কুড়িগ্রাম,নাগেশ্বরী,2.0,0.0,0.0,0.0,0.0,0.0,0.0,0.0,2.0,0.0,0.0,0.0,0.0,0.0,0.0,0.0,0.0
449,449,কুড়িগ্রাম,ভুরুঙ্গামারী,1.0,0.0,0.0,0.0,0.0,0.0,0.0,0.0,1.0,0.0,0.0,0.0,0.0,0.0,0.0,0.0,0.0
450,450,কুড়িগ্রাম,ফুলবাড়ী,14.0,0.0,0.0,0.0,0.0,0.0,0.0,0.0,5.0,8.0,1.0,0.0,0.0,0.0,0.0,0.0,0.0
451,451,কুড়িগ্রাম,রাজারহাট,11.0,0.0,0.0,0.0,0.0,0.0,0.0,0.0,3.0,4.0,1.0,2.0,1.0,0.0,0.0,0.0,0.0
452,452,কুড়িগ্রাম,উলিপুর,12.0,0.0,0.0,0.0,0.0,0.0,0.0,1.0,10.0,0.0,1.0,0.0,0.0,0.0,0.0,0.0,0.0
453,453,কুড়িগ্রাম,চিলমারী,9.0,0.0,0.0,0.0,0.0,0.0,0.0,0.0,5.0,3.0,1.0,0.0,0.0,0.0,0.0,0.0,0.0
454,454,কুড়িগ্রাম,রৌমারী,7.0,0.0,0.0,0.0,0.0,0.0,0.0,0.0,5.0,2.0,0.0,0.0,0.0,0.0,0.0,0.0,0.0
455,455,কুড়িগ্রাম,চর রাজিবপুর,1.0,0.0,0.0,0.0,0.0,0.0,0.0,0.0,1.0,0.0,0.0,0.0,0.0,0.0,0.0,0.0,0.0
456,456,শেরপুর,শেরপুর সদর,68.0,0.0,0.0,0.0,0.0,0.0,0.0,8.0,51.0,8.0,1.0,0.0,0.0,0.0,0.0,0.0,0.0
457,457,শেরপুর,নালিতাবাড়ী,15.0,0.0,0.0,0.0,0.0,0.0,0.0,0.0,8.0,6.0,0.0,1.0,0.0,0.0,0.0,0.0,0.0
458,458,শেরপুর,শ্রীবরদী,6.0,0.0,0.0,0.0,0.0,0.0,0.0,0.0,2.0,4.0,0.0,0.0,0.0,0.0,0.0,0.0,0.0
459,459,শেরপুর,নকলা,16.0,0.0,0.0,0.0,0.0,0.0,0.0,0.0,12.0,4.0,0.0,0.0,0.0,0.0,0.0,0.0,0.0
460,460,শেরপুর,ঝিনাইগাতী,8.0,0.0,0.0,0.0,0.0,0.0,0.0,0.0,7.0,1.0,0.0,0.0,0.0,1.0,1.0,0.0,0.0
461,461,ময়মনসিংহ,ফুলবাড়ীয়া,2.0,0.0,0.0,0.0,0.0,0.0,0.0,0.0,2.0,0.0,0.0,0.0,0.0,0.0,0.0,0.0,0.0
462,462,ময়মনসিংহ,ত্রিশাল,65.0,0.0,0.0,0.0,0.0,0.0,0.0,2.0,62.0,0.0,1.0,0.0,0.0,0.0,0.0,0.0,0.0
463,463,ময়মনসিংহ,ভালুকা,33.0,0.0,0.0,0.0,0.0,0.0,0.0,2.0,29.0,2.0,0.0,0.0,0.0,0.0,0.0,0.0,0.0
464,464,ময়মনসিংহ,মুক্তাগাছা,9.0,0.0,0.0,0.0,9.0,0.0,0.0,0.0,0.0,0.0,0.0,0.0,0.0,1.0,1.0,0.0,0.0
465,465,ময়মনসিংহ,ময়মনসিংহ সদর,283.0,0.0,0.0,0.0,0.0,0.0,0.0,8.0,249.0,23.0,3.0,0.0,0.0,0.0,0.0,0.0,0.0
466,466,ময়মনসিংহ,ধোবাউড়া,7.0,0.0,0.0,0.0,0.0,0.0,0.0,0.0,3.0,4.0,0.0,0.0,0.0,2.0,2.0,0.0,0.0
467,467,ময়মনসিংহ,ফুলপুর,8.0,0.0,0.0,0.0,0.0,0.0,0.0,0.0,4.0,4.0,0.0,0.0,0.0,0.0,0.0,0.0,0.0
468,468,ময়মনসিংহ,হালুয়াঘাট,7.0,0.0,0.0,0.0,0.0,0.0,0.0,0.0,2.0,5.0,0.0,0.0,0.0,0.0,0.0,0.0,0.0
469,469,ময়মনসিংহ,গৌরীপুর,25.0,0.0,0.0,0.0,0.0,0.0,0.0,2.0,19.0,4.0,0.0,0.0,0.0,2.0,2.0,0.0,0.0
470,470,ময়মনসিংহ,গফরগাঁও,5.0,0.0,0.0,0.0,0.0,0.0,0.0,0.0,4.0,1.0,0.0,0.0,0.0,0.0,0.0,0.0,0.0
471,471,ময়মনসিংহ,ঈশ্বরগঞ্জ,1.0,0.0,0.0,0.0,0.0,0.0,0.0,0.0,1.0,0.0,0.0,0.0,0.0,0.0,0.0,0.0,0.0
472,472,ময়মনসিংহ,নান্দাইল,20.0,0.0,0.0,0.0,0.0,0.0,0.0,0.0,16.0,3.0,1.0,0.0,0.0,0.0,0.0,0.0,0.0
473,473,ময়মনসিংহ,তারাকান্দা,4.0,0.0,0.0,0.0,0.0,0.0,0.0,0.0,4.0,0.0,0.0,0.0,0.0,2.0,2.0,0.0,0.0
474,474,জামালপুর,জামালপুর সদর,54.0,0.0,0.0,0.0,1.0,0.0,0.0,7.0,38.0,7.0,1.0,0.0,0.0,0.0,0.0,0.0,0.0
475,475,জামালপুর,মেলান্দহ,4.0,0.0,0.0,0.0,0.0,0.0,0.0,0.0,4.0,0.0,0.0,0.0,0.0,0.0,0.0,0.0,0.0
476,476,জামালপুর,ইসলামপুর,45.0,0.0,0.0,1.0,0.0,0.0,0.0,5.0,21.0,17.0,1.0,0.0,0.0,1.0,0.0,1.0,0.0
477,477,জামালপুর,দেওয়ানগঞ্জ,26.0,0.0,0.0,0.0,0.0,0.0,0.0,0.0,22.0,4.0,0.0,0.0,0.0,0.0,0.0,0.0,0.0
478,478,জামালপুর,সরিষাবাড়ী,13.0,0.0,0.0,0.0,0.0,0.0,0.0,2.0,11.0,0.0,0.0,0.0,0.0,0.0,0.0,0.0,0.0
479,479,জামালপুর,মাদারগঞ্জ,5.0,0.0,0.0,0.0,0.0,0.0,0.0,0.0,4.0,1.0,0.0,0.0,0.0,0.0,0.0,0.0,0.0
480,480,জামালপুর,বকশীগঞ্জ,2.0,0.0,0.0,0.0,0.0,0.0,0.0,0.0,2.0,0.0,0.0,0.0,0.0,0.0,0.0,0.0,0.0
481,481,নেত্রকোণা,বারহাট্টা,4.0,0.0,0.0,0.0,0.0,0.0,0.0,0.0,0.0,4.0,0.0,0.0,0.0,0.0,0.0,0.0,0.0
482,482,নেত্রকোণা,দুর্গাপুর,63.0,0.0,0.0,0.0,0.0,0.0,0.0,0.0,54.0,4.0,4.0,1.0,0.0,0.0,0.0,0.0,0.0
483,483,নেত্রকোণা,কেন্দুয়া,122.0,0.0,0.0,0.0,0.0,0.0,0.0,1.0,118.0,2.0,1.0,0.0,0.0,0.0,0.0,0.0,0.0
484,484,নেত্রকোণা,আটপাড়া,3.0,0.0,0.0,0.0,0.0,0.0,0.0,0.0,3.0,0.0,0.0,0.0,0.0,2.0,2.0,0.0,0.0
485,485,নেত্রকোণা,মদন,16.0,0.0,0.0,0.0,0.0,0.0,0.0,1.0,11.0,4.0,0.0,0.0,0.0,0.0,0.0,0.0,0.0
486,486,নেত্রকোণা,খালিয়াজুরী,1.0,0.0,0.0,0.0,0.0,0.0,0.0,0.0,1.0,0.0,0.0,0.0,0.0,0.0,0.0,0.0,0.0
487,487,নেত্রকোণা,কলমাকান্দা,7.0,0.0,0.0,0.0,0.0,0.0,0.0,0.0,3.0,4.0,0.0,0.0,0.0,0.0,0.0,0.0,0.0
488,488,নেত্রকোণা,মোহনগঞ্জ,8.0,0.0,0.0,0.0,0.0,0.0,0.0,0.0,8.0,0.0,0.0,0.0,0.0,0.0,0.0,0.0,0.0
489,489,নেত্রকোণা,পূর্বধলা,1.0,0.0,0.0,0.0,0.0,0.0,0.0,0.0,1.0,0.0,0.0,0.0,0.0,2.0,2.0,0.0,0.0
490,490,নেত্রকোণা,নেত্রকোণা সদর,46.0,0.0,0.0,0.0,0.0,0.0,0.0,0.0,46.0,0.0,0.0,0.0,0.0,0.0,0.0,0.0,0.0
